position,username,user_id,title,text,highlighs,link,location,sentimen,label,address,latitude,longitude
0,SiNiel1,1.03e+18,WanaArtha Life Official (@wanaarthalife_) / X,"WanaArtha Life Official's posts ... 2. Emotional spending, yaitu pengeluaran di kala sedih atau stres atau bisa juga saat terlalu senang, padahal bukan untukÂ ...",['WanaArtha Life'],https://twitter.com/wanaarthalife_,Kalimantan Barat,Negatif,0,"Kalimantan Barat, Indonesia",-0.1322387,111.0968901
1,ab_anward,2589464034.0,OJK Indonesia,"OJK Cabut Izin Usaha PT Asuransi Jiwa Adisarana Wanaartha (Wanaartha Life). Sobat OJK, OJK mengumumkan pencabutan izin usaha PT AsuransiÂ ...",['Wanaartha Life'],https://twitter.com/ojkindonesia/status/1600865416716644352,"Jakarta Pusat,DKI Jakarta",Netral,2,"Jakarta Pusat, Daerah Khusus Ibukota Jakarta, Indonesia",-6.18233995,106.8428715
2,kusnida_iman,7.72e+17,Tim Likuidasi Beberkan Nasib Aset Wanaartha Life Rp300 ...,Tim Likuidasi Beberkan Nasib Aset Wanaartha Life Rp300 Miliar yang Diblokir Kejagung https://t.co/JlH677tTqS.,['Wanaartha Life'],https://twitter.com/Bisniscom/status/1769962531907670439,"JakartaUtara,DKIJakarta",Negatif,0,Jakarta Utara,-6.1362053,106.900691
3,BappenasRI,235021856.0,"Wanaartha Life Tersangkut Kasus Penggelapan Polis, Ini Profilnya","Wanaartha Life Tersangkut Kasus Penggelapan Polis, Ini Profilnya https://t.co/787RkeyHpX.",['Wanaartha Life'],https://mobile.twitter.com/KATADATAcoid/status/1600460750354808833,www.bappenas.go.id,Negatif,0,"Menteng, Jakarta Pusat, Daerah Khusus Ibukota Jakarta, Indonesia",-6.1950265,106.8322242
4,FigoFico,1.11e+18,Harian Kompas,"Setelah Wanaartha Life yang dicabut izin usahanya oleh OJK pada Desember 2022, kini giliran Kresna Life. Keduanya gagal memenuhi persyaratan kesehatanÂ ...",['Wanaartha Life'],https://twitter.com/hariankompas/status/1672225368089010178,Borneo,Netral,2,"Borneo, Malinau, Kalimantan Utara, Indonesia",1.42965855,114.7405992
5,KompasData,771030588.0,Pemegang Polis Griya Makmur Wanaartha Life dapat ...,"Pemegang Polis Griya Makmur Wanaartha Life dapat Tanah dan Bangunan, Cek Syaratnya https://t.co/OYHFBFw0le.",['Wanaartha Life'],https://twitter.com/Bisniscom/status/1747491324587352231,"Palmerah,Jakarta",Positif,1,"Palmerah, Jakarta Barat, Daerah Khusus Ibukota Jakarta, Indonesia",-6.1910017,106.7943633
6,dflfp,197713730.0,OJK Indonesia,"Beberapa kasus perusahaan asuransi spt Asuransi Jiwa Adisarana Wanaartha (Wanaartha Life/PT WAL), Asuransi Jiwa Kresna (Kresna Life/PT AJK)Â ...",['Wanaartha Life'],https://twitter.com/ojkindonesia/status/1621747849246695424,"Kalimantan Timur,Indonesia",Negatif,0,"Kalimantan Timur, Indonesia",0.7884397,116.2419977
7,itechcourse,7.16e+17,Begini Kabar Terbaru Pembayaran Polis Korban Asuransi ...,Tim Likuidasi PT Asuransi Jiwa Adisarana Wanaartha (Wanaartha Life) mengundang pemegang polis (pempol) untuk membahas tata cara pembayaranÂ ...,['Wanaartha Life'],https://twitter.com/cnbcindonesia/status/1751809222541763051,"KotaMetro,Lampung",Positif,1,"Alun-alun Kota Metro, Metro, Lampung, Indonesia",-5.11471345,105.3083226
8,Muhammad_RM16,602755138.0,OJK Minta DPO Kasus Wanaartha Life Evelina Pietruschka ...,OJK Minta DPO Kasus Wanaartha Life Evelina Pietruschka Balik ke Indonesia https://t.co/KyV4eS6HYC.,['Wanaartha Life'],https://twitter.com/Bisniscom/status/1760713212901871982,"Banten,Indonesia",Positif,1,"Banten, Indonesia",-6.47800285,105.5410285
9,raya_1117,4761293701.0,Tim Likuidasi Wanaartha Life Siap Cairkan Aset Investasi ...,Tim Likuidasi Wanaartha Life Siap Cairkan Aset Investasi Obligasi https://t.co/sOtIIvkfCl.,['Wanaartha Life'],https://twitter.com/Bisniscom/status/1755422722359001445,"Makassar,Indonesia",Positif,1,"Makassar ????, Galesong Selatan, Sulawesi Selatan, 90115, Indonesia",-5.1342962,119.4124282
10,sirodjudin01,7.51e+17,Lyn (@Lolypop502) / X,Tim Likuidasi Wanaartha Life Siap Cairkan Aset Investasi Obligasi https://t.co/sOtIIvkfCl.,['Wanaartha Life'],https://twitter.com/Lolypop502,"Banjarnegara,Indonesia",Positif,1,"Banjarnegara, Jawa Tengah, Indonesia",-7.3558733,109.6600728
11,tribunnews,124171593.0,webarq,A new year means a new online presence #byWEBARQ for WanaArtha Life - now up on https://t.co/nwPFzzcL3Y.,['WanaArtha Life'],https://twitter.com/webarq/status/816502229792276480,"DKI Jakarta,Indonesia",Netral,2,"Daerah Khusus Ibukota Jakarta, Indonesia",-6.1753942,106.827183
12,sofians,19049983.0,webarq,"... U1QE. Image. WEBARQ Â· @webarq. Â·. Jan 4, 2017. A new year means a new online presence #byWEBARQ for WanaArtha Life - now up on http://webarq.co/d4CN. Image.",['WanaArtha Life'],https://twitter.com/webarq,"DKI Jakarta,Indonesia",Netral,2,"Daerah Khusus Ibukota Jakarta, Indonesia",-6.1753942,106.827183
13,SiNiel1,1.03e+18,Ini Kabar Terbaru Asuransi Bermasalah Kresna Life & ...,OJK telah memberi sanksi Pencabutan Izin Usaha (CIU) ke PT Asuransi Jiwa Adisarana Wanaartha (Wanaartha Life) dan PT Asuransi Jiwa Kresna (Â ...,['Wanaartha Life'],https://twitter.com/cnbcindonesia/status/1719986437133943099,Kalimantan Barat,Positif,1,"Kalimantan Barat, Indonesia",-0.1322387,111.0968901
14,ab_anward,2589464034.0,"KAP Wanaartha Lakukan 2 Audit Sekaligus, Timnya 60 ...",Kantor Akuntan Publik (KAP) telah mulai bekerja dalam proses likuidasi Asuransi Jiwa Adisarana Wanaartha (Wanaartha LIfe/WAL). Adapun prosesÂ ...,['Wanaartha LIfe'],https://twitter.com/cnbcindonesia/status/1655784049280159745,"Jakarta Pusat,DKI Jakarta",Netral,2,"Jakarta Pusat, Daerah Khusus Ibukota Jakarta, Indonesia",-6.18233995,106.8428715
15,kusnida_iman,7.72e+17,Katadata.co.id,"Top News: Nasabah Wanaartha Life Protes OJK, Sepak Terjang PT TMI Berikut 5 artikel populer https://t.co/ObAXGQ0Gwc pada Senin (8/1).",['Wanaartha Life'],https://twitter.com/KATADATAcoid/status/1744549482656837872,"Makassar,SulawesiSelata",Negatif,0,"Makassar ????, Galesong Selatan, Sulawesi Selatan, 90115, Indonesia",-5.1342962,119.4124282
16,BappenasRI,235021856.0,Investor Daily,"Aspan dan Prolife belum sampai tahap pembayaran klaim, sedangkan Wanaartha Life sudah melalui pembayaran klaim tahap 1.",['Wanaartha Life'],https://twitter.com/InvestorID/status/1765697048500957545,www.bappenas.go.id,Positif,1,"Menteng, Jakarta Pusat, Daerah Khusus Ibukota Jakarta, Indonesia",-6.1950265,106.8322242
17,KompasData,771030588.0,Nasabah Desak OJK Tindak Pemilik WanaArtha Life Pidana ...,Nasabah Desak OJK Tindak Pemilik WanaArtha Life Pidana Keuangan https://t.co/NFWDMsob92 #TempoBisnis.,['WanaArtha Life'],https://twitter.com/tempodotco/status/1744358697516572953,"Palmerah,Jakarta",Negatif,0,"Palmerah, Jakarta Barat, Daerah Khusus Ibukota Jakarta, Indonesia",-6.1910017,106.7943633
18,dflfp,197713730.0,"Korban Wanaartha Meninggal Usai Sidang, Ini Kata Kuasa ...",Satu korban gagal bayar Asuransi Wanaartha Life meninggal usai terlibat kericuhan di persidangan gugatan class action. 5:55 AM Â· Dec 20Â ...,['Wanaartha Life'],https://twitter.com/cnbcindonesia/status/1737350868868141420,"Kalimantan Timur,Indonesia",Negatif,0,"Kalimantan Timur, Indonesia",0.7884397,116.2419977
19,itechcourse,7.16e+17,"Peringatan Kesekian, Buron Asuransi Wanaartha Diminta ...",Otoritas Jasa Keuangan (OJK) terus mengawal proses likuidasi dua perusahaan asuransi gagal bayar PT Asuransi Adisarana Wanaartha (Wanaartha Life)Â ...,['Wanaartha Life'],https://twitter.com/cnbcindonesia/status/1760262016428601541,"KotaMetro,Lampung",Positif,1,"Alun-alun Kota Metro, Metro, Lampung, Indonesia",-5.11471345,105.3083226
20,Muhammad_RM16,602755138.0,"TL Cuma Mau Bayar 4,45% Tagihan, Korban Wanaartha ...","Ratusan korban PT Asuransi Jiwa Adisarana Wanaartha (Wanaartha Life) berbondong-bondong mendatangi kantor OJK di Jakarta pada Selasa, (24/1/2024)Â ...",['Wanaartha Life'],https://twitter.com/cnbcindonesia/status/1750041390640513461,"Banten,Indonesia",Negatif,0,"Banten, Indonesia",-6.47800285,105.5410285
21,raya_1117,4761293701.0,DetikFinance,"Total kewajiban yang harus dibayar WanaArtha Life ke para pemegang polis adalah Rp15,7 triliun tapi aset perusahaan tak sampai Rp100 miliar.",['WanaArtha Life'],https://mobile.twitter.com/detikfinance/status/1609794845043728385,BTJ,Negatif,0,"Bandar Udara Internasional Sultan Iskandarmuda, Jalan T. Iskandar, Cadek, Kuta Baro, Aceh Besar, Aceh, 23371, Indonesia",5.52776805,95.41944349
22,milkywhy__,2904217686.0,Bisnis.com,Nasabah Wanaartha Life meminta proses likuidasi perusahaan yang tengah berlangsung dapat mengembalikan dana mereka dengan maksimal.,['Wanaartha Life'],https://twitter.com/Bisniscom/status/1668771245209587712,"DKI Jakarta,Indonesia",Netral,2,"Daerah Khusus Ibukota Jakarta, Indonesia",-6.1753942,106.827183
23,sirodjudin01,7.51e+17,elyawatiku - Elle,#AsuransiWanaarthaLife #AsuransiGagalBayar #WhiteCollarCrimeInIndonesia #OtoritasJasaKeuangan Tim Likuidasi Bakal Lelang Aset Wanaartha Life di MampangÂ ...,['Wanaartha Life'],https://twitter.com/elyawatiku,"DKI Jakarta,Indonesia",Negatif,0,"Daerah Khusus Ibukota Jakarta, Indonesia",-6.1753942,106.827183
24,sofians,19049983.0,"With Maheshwari, Astuty , and Anita at Wanaartha Life Denpasar","With Maheshwari, Astuty , and Anita at Wanaartha Life Denpasar â€” https://t.co/9qrTSKn1BZ.",['Wanaartha Life'],https://mobile.twitter.com/P_tarri/status/868051302718226432,"Jakarta Pusat,DKI Jakarta",Netral,2,"Jakarta Pusat, Daerah Khusus Ibukota Jakarta, Indonesia",-6.18233995,106.8428715
25,DamaiNegeriku1,1.14e+18,Alex Stefanus (@alexstefanus) / X,"Tempat pelarian pemilik Wanaartha Life Evelina Pietruschka, Manfred Pietruschka & Reza Pietruschka di AS sdh diketahui, sdh msk DPO Interpol jg tp kokÂ ...",['Wanaartha Life'],https://twitter.com/alexstefanus,"Jakarta Pusat,DKI Jakarta",Negatif,0,"Jakarta Pusat, Daerah Khusus Ibukota Jakarta, Indonesia",-6.18233995,106.8428715
26,Djams94471116,1.05e+18,theiconomic,Nasabah atau pemegang polis terus menuntut PT Asuransi Jiwa Adisarana Wanaartha (Wanaartha Life) untuk membayarkan hak-hak mereka yang sudahÂ ...,['Wanaartha Life'],https://mobile.twitter.com/theiconomic/status/1528663597408063493,"GrahaPena,KebayoranLama12",Negatif,0,"Graha Pena, Jalan Tanah Baru V, RW 04, Sukabumi Utara, Kebon Jeruk, Jakarta Barat, Daerah Khusus Ibukota Jakarta, 12210, Indonesia",-6.2150741,106.7777897
27,rockycoway,791212273.0,detikcom,"Tim Likuidasi WanaArtha Life menggelar pertemuan bersama dengan direksi nonaktif dari perusahaan asuransi itu. Lalu, bagaimana hasilnya?",['WanaArtha Life'],https://mobile.twitter.com/detikcom/status/1651397338806591489,Borneo,Netral,2,"Borneo, Malinau, Kalimantan Utara, Indonesia",1.42965855,114.7405992
28,BongBon93931084,1.08e+18,kontan news,WanaArtha Life resmi masuki bisnis DPLK https://t.co/GQ5ry5KN7o #DanaPensiun.,['WanaArtha Life'],https://twitter.com/KontanNews/status/1202535602379358209,"DKI Jakarta,Indonesia",Netral,2,"Daerah Khusus Ibukota Jakarta, Indonesia",-6.1753942,106.827183
29,GarangPutih,1.14e+18,"Duh! Likuidasi Wanaartha Mandek, OJK Kasih Saran Gini","Otoritas Jasa Keuangan membenarkan adanya kendala akses data nasabah PT Asuransi Jiwa Adisarana Wanaartha (Wanaartha Life) yang menghambat proses likuidasi Â· 6:27 AM Â· Apr 17, 2023. Â·. 509. Views.",['Wanaartha Life'],https://twitter.com/cnbcindonesia/status/1647849141467480066,"Kalimantan Timur,Indonesia",Negatif,0,"Kalimantan Timur, Indonesia",0.7884397,116.2419977
30,luhan_uffo,558262930.0,detikcom,Nasabah WanaArtha Life mengeluhkan proses likuidasi yang mandek dan belum kembalinya uang. Bagaimana ceritanya? https://t.co/r5LCImmsBU.,['WanaArtha Life'],https://mobile.twitter.com/detikcom/status/1651379632560836610,"Jakarta Pusat,DKI Jakarta",Negatif,0,"Jakarta Pusat, Daerah Khusus Ibukota Jakarta, Indonesia",-6.18233995,106.8428715
31,Nasution_eD,1.14e+18,DetikFinance,Nasabah asuransi jiwa WanaArtha Life melakukan aksi damai di depan Pengadilan Negeri Jakarta Pusat. Apa tuntutannya?,['WanaArtha Life'],https://mobile.twitter.com/detikfinance/status/1291608284298911744,"Banten,Indonesia",Netral,2,"Banten, Indonesia",-6.47800285,105.5410285
32,Gunarto55122771,1.1e+18,Voidotid,Manajemen PT Asuransi Jiwa Adisarana Wanaartha (WanaArtha Life) memastikan akan mengutamakan kepentingan nasabah atau pemegang polis.,['WanaArtha Life'],https://twitter.com/voidotid/status/1517652983491665920,"Makassar,Indonesia",Positif,1,"Makassar ????, Galesong Selatan, Sulawesi Selatan, 90115, Indonesia",-5.1342962,119.4124282
33,win_goes,1.15e+18,"Evelina Pietruschka Buron, Kok Bisa Zoom Korban ...","Evelina Larasati Fadil Pietruschka, salah satu pemegang saham pemilik (PSP) Wanaartha Life kabarnya pernah menghadiri audiensi virtual Â· 1:18 AM Â· Feb 8, 2023. Â·. 7,175. Views. 4. Reposts Â· 1. Quote.",['Wanaartha Life'],https://twitter.com/cnbcindonesia/status/1623129004629954563,"Jakarta Barat, DKI Jakarta",Negatif,0,"Jakarta Barat, Daerah Khusus Ibukota Jakarta, Indonesia",-6.16156235,106.7438912
34,aquanakmama,1.1e+18,Buron Kasus Wanaartha Diduga Sembunyi di Beverly Hills ...,"Buronan kasus WanaArtha Life, Evelina Fadil Pietruschka terindikasi bersembunyi di Beverly Hills, Amerika Serikat. 9:07 AM Â· Oct 13, 2023.",['WanaArtha Life'],https://twitter.com/cnbcindonesia/status/1712756922557042784,"Jakarta Pusat,DKI Jakarta",Negatif,0,"Jakarta Pusat, Daerah Khusus Ibukota Jakarta, Indonesia",-6.18233995,106.8428715
35,DamaiNegeriku1,1.14e+18,Chanra (@Chanra25111696) / X,Otoritas Jasa Keuangan (OJK) terus mengawal proses likuidasi dua perusahaan asuransi gagal bayar PT Asuransi Adisarana Wanaartha (Wanaartha Life). 2. 2.,['Wanaartha Life'],https://twitter.com/Chanra25111696,"Jakarta Pusat,DKI Jakarta",Positif,1,"Jakarta Pusat, Daerah Khusus Ibukota Jakarta, Indonesia",-6.18233995,106.8428715
36,Djams94471116,1.05e+18,kompas tv,Namun sejumlah korban PT WAL mempertanyakan nasibnya setelah izin usaha Wanaartha Life dicabut oleh OJK. Puluhan ribu korban yang jugaÂ ...,['Wanaartha Life'],https://twitter.com/KompasTV/status/1602584176582340608,"DKI Jakarta,Indonesia",Negatif,0,"Daerah Khusus Ibukota Jakarta, Indonesia",-6.1753942,106.827183
37,BongBon93931084,1.08e+18,era2805 - Laksmi Merati,"... com/GQ1cjo Â· Laksmi Merati Â· @era2805. Â·. Sep 7, 2011. I'm at Graha WanaArtha Life (Mampang, Jl. Mampang Raya No. 76, Jakarta) http://4sq.com/oa0kC6.",['WanaArtha Life'],https://twitter.com/era2805,"DKI Jakarta,Indonesia",Netral,2,"Daerah Khusus Ibukota Jakarta, Indonesia",-6.1753942,106.827183
38,Nasution_eD,1.14e+18,YeniChubi - å“ä¿å¦,"... , Nasabah Menjerit & Putus Asa. Nasabah PT Asuransi Jiwa Adisarana Wanaartha (Wanaartha Life/WAL) menjerit karena proses likuidasi terhambat, kok bisa?",['Wanaartha Life'],https://twitter.com/yenichubi,"Makassar,Indonesia",Negatif,0,"Makassar ????, Galesong Selatan, Sulawesi Selatan, 90115, Indonesia",-5.1342962,119.4124282
39,win_goes,1.15e+18,Voidotid,Para pemegang polis atau nasabah PT Asuransi Jiwa Adisarana WanaArtha atau WanaArtha Life dan kalangan Dewan berharap agar persoalanÂ ...,['WanaArtha Life'],https://twitter.com/voidotid/status/1509033338941878274,"DKI Jakarta,Indonesia",Netral,2,"Daerah Khusus Ibukota Jakarta, Indonesia",-6.1753942,106.827183
40,aquanakmama,1.1e+18,Duh! Duit Karyawan INCO yang Nyangkut di Wanaartha ...,"Duh! Duit Karyawan INCO yang Nyangkut di Wanaartha Rp 220 M. Korban Wanaartha Life kembali bertambah. 5:58 AM Â· Sep 7, 2022 Â· 1. Repost Â· 3. Quotes.",['Wanaartha Life'],https://twitter.com/cnbcindonesia/status/1567391872607490048,"Bandung,JawaBarat",Negatif,0,"Bandung, Jawa Barat, 40252, Indonesia",-6.9344694,107.6049539
41,KontanNews,43799886.0,Rudy Limin (@rudylimin) / X,"Jeritan Korban Asuransi WanaArtha Life, Dimana Negara dan Kejaksaan? https://t.co/3xrdnaIML6.",['WanaArtha Life'],https://twitter.com/rudylimin,"DKI Jakarta,Indonesia",Negatif,0,"Daerah Khusus Ibukota Jakarta, Indonesia",-6.1753942,106.827183
42,KontanNews,43799886.0,Wil Lauri (@lauri_wil) / X,"Buntut Polemik Asuransi WanaArtha Life, Muncul Wacana Pembubaran OJK - Suara Karya. Wacana pembubaran OJK muncul karena dalam kasus Asuransi terutamaÂ ...",['WanaArtha Life'],https://twitter.com/lauri_wil,"Palembang,Sumsel,Indonesia",Negatif,0,"Palembang, Sumatera Selatan",-2.9888297,104.756857
43,Listyanto9,7.39e+17,Robbie Chandra (@robbietjan) / X,"Jul 13, 2020 Â· https://keuangan.kontan.co.id/news/kejagung-masih-blokir-rekening-efek-agen-wanaartha-life-datangi-dprâ€¦ ",,,"DKI Jakarta,Indonesia",Negatif,0,"Daerah Khusus Ibukota Jakarta, Indonesia",-6.1753942,106.827183
44,arahdotcom,4848874949.0,Alex Stefanus,Kl dgn pembuktian Juniver Girsang (lawyer Wanaartha Life) di sidang keberatan lalu & @KejaksaanRI masih ajukan kasasi.. itu namanyaÂ ...,['Wanaartha Life'],https://twitter.com/alexstefanus/status/1448642035578126342,"DKI Jakarta,Indonesia",Netral,2,"Daerah Khusus Ibukota Jakarta, Indonesia",-6.1753942,106.827183
45,RakyatMerdeka99,7.12e+17,irvan rahardjo (@irvanrahardjo) / X,SERI BUKU ASURANSI : Robohnya Asuransi Kami - Bumiputera ( 2020),,,"DKI Jakarta,Indonesia",Netral,2,"Daerah Khusus Ibukota Jakarta, Indonesia",-6.1753942,106.827183
46,GULINGKUSUT,173907219.0,Palmer Situmorang Ph.D,alexstefanus @rano_alfath Capek yah. Wanaartha Life sendiri yg rekening efek dan reksa dananya disita sdh datang meyampaikan keberatan pihakÂ ...,['Wanaartha Life'],https://mobile.twitter.com/palmersitumoran/status/1309349409721778176,"Kalimantan Tengah, Indonesia",Negatif,0,"Kalimantan Tengah, Indonesia",-1.499583,113.2903307
47,KontanNews,43799886.0,rudyhandsome888 - rudy888,"Rekening Efek WanaArtha Life Masih Diblokir, Bagaimana Nasib Dana Nasabah? ... Rekening Wanaartha Life Masih Diblokir, Presdir Kembali Surati Nasabah httpÂ ...","['WanaArtha Life', 'Wanaartha Life']",https://twitter.com/rudyhandsome888,"Malang,JawaTimur",Negatif,0,"Malang, Jawa Timur, Indonesia",-8.10479815,112.6879872
48,KontanNews,43799886.0,Alex Stefanus,lbh dr 1 thn dr status tsk tdk bs temukan owner Wanaartha Life (WAL) yg kabur ke AS? Knp nsbh WAL malah berhsl temukan lokasi EvelineÂ ...,['Wanaartha Life'],https://twitter.com/alexstefanus/status/1712345971575951806,MNCNewsCenterLt.11Jakarta,Negatif,0,"iNews Tower, Jalan Kebon Sirih Jakarta",-6.1849205,106.8308589
49,Listyanto9,7.39e+17,WanaArtha Life Official,"Terus bekerja, berinovasi untuk masyarakat Indonesia dengan tetap memegang nilai-nilai pokok WanaArtha Life, yaitu SATU",,,"Bogor,JawaBarat",Netral,2,"Bogor, Jawa Barat, 16121, Indonesia",-6.5962986,106.7972421
50,TheendTo,1.2e+18,Alex Stefanus,28/5/2021: Sidang keberatan Wanaartha Life dgn Lawyer Juniver Girsang utk pembuktian & keterangan saksi fakta oleh Daniel Halim sbg DirKeuÂ ...,['Wanaartha Life'],https://twitter.com/alexstefanus/status/1398459928818294784,"DKI Jakarta,Indonesia",Netral,2,"Daerah Khusus Ibukota Jakarta, Indonesia",-6.1753942,106.827183
51,arahdotcom,4848874949.0,Alex Stefanus,Pak @cakimiNOW @Jazilul_Fawaid @rano_alfath mohon perhatian dan bantuan bpk2 di PKB atas nasib 26.000 pemegang polis Wanaartha Life yg sdh 6Â ...,['Wanaartha Life'],https://twitter.com/alexstefanus/status/1284461432961032193,"BalikpapanTengah,Indonesia",Negatif,0,"BalikpapanTengah,Indonesia",-1.2452915,116.8505397
52,GULINGKUSUT,173907219.0,Alex Stefanus,Pak Jampidsus @KejaksaanRI kau anggap apa 26.000 pemegang polis wanaartha life ini? Setan blau? @jokowi @rano_alfath @hincapandjaitanÂ ...,['wanaartha life'],https://twitter.com/alexstefanus/status/1301520427496271874,"DKI Jakarta,Indonesia",Negatif,0,"Daerah Khusus Ibukota Jakarta, Indonesia",-6.1753942,106.827183
53,KompasData,771030588.0,Robert ST (@RobertS24601054) / X,"Tak Hanya Blokir dan Sita Aset, Polisi Juga Jemput Paksa Tersangka Wanaartha Life di Luar Negeri -... From m.tribunnews.com.",['Wanaartha Life'],https://twitter.com/RobertS24601054,"DKI Jakarta,Indonesia",Positif,1,"Daerah Khusus Ibukota Jakarta, Indonesia",-6.1753942,106.827183
54,octania_,3230363209.0,Indonesia Raya (@Indones20366386) / X,@DPR_RI Â· @mprgoid Â· @mohmahfudmd Â· @mabespolrinews Â· Korban Wanaartha Life Ceritakan Awal Mula Masalah hingga Laporan ke Bareskrim Polri Â· From keuangan.kontanÂ ...,['Wanaartha Life'],https://twitter.com/Indones20366386,"Bekasi,JawaBarat",Netral,2,"Bekasi, Jawa Barat, 17144, Indonesia",-6.2349858,106.9945444
55,djasMpu,3192723644.0,Rudy Limin,"Jeritan Korban Asuransi WanaArtha Life, Dimana Negara dan Kejaksaan? https://t.co/3xrdnaIML6.",['WanaArtha Life'],https://twitter.com/rudylimin/status/1260890831080157184,"DKI Jakarta,Indonesia",Negatif,0,"Daerah Khusus Ibukota Jakarta, Indonesia",-6.1753942,106.827183
56,MarketmoverID,1.16e+18,polaroidblur77 - Polaris,Menakar Peluang Keberhasilan Gugatan PKPU oleh Nasabah Wanaartha Life http://kmp.im/AGEWDZ ... WanaArtha Life Jadwalkan Pelaksanaan RUPSLB 4 Januari 2023 https://Â ...,"['Wanaartha Life', 'WanaArtha Life']",https://twitter.com/polaroidblur77,"DKI Jakarta,Indonesia",Netral,2,"Daerah Khusus Ibukota Jakarta, Indonesia",-6.1753942,106.827183
57,KompasData,771030588.0,OJK Harus Segera Buka Blokir Rekening Efek WanaArtha ...,OJK Harus Segera Buka Blokir Rekening Efek WanaArtha Life - Tandatangani Petisi! https://t.co/jfPZ2TcICu via @ChangeOrg_ID.,['WanaArtha Life'],https://twitter.com/wiwison79/status/1235441181871374337,"DKI Jakarta,Indonesia",Negatif,0,"Daerah Khusus Ibukota Jakarta, Indonesia",-6.1753942,106.827183
58,octania_,3230363209.0,Alex Stefanus,"sdh 2thn nasib pemegang polis wanaartha life/WAL gak jelas. Beli polis krn ada embel2 terdaftar & diawasi OJK tp pas WAL kena kasus,Â ...",['wanaartha life'],https://twitter.com/alexstefanus/status/1480071268518936580,"Balikpapan, Indonesia",Negatif,0,"Balikpapan, Kalimantan Timur, 76128, Indonesia",-1.2398711,116.8593379
59,Megatop99,278039207.0,Alex Stefanus,"Pak @jokowi, Pak @mohmahfudmd kl Restorative Justice thd nsbh Wanaartha Life kpn dilakukan? Ini akibat anak bh bpk di @KejaksaanRI yg sitaÂ ...",['Wanaartha Life'],https://twitter.com/alexstefanus/status/1430552570892750853,"DKI Jakarta,Indonesia",Negatif,0,"Daerah Khusus Ibukota Jakarta, Indonesia",-6.1753942,106.827183
60,djknkaltimtara,1.09e+18,Extordnry - Metaphor00,"Â·. Dec 5, 2022. Our government only take off the license of wanaartha life..so what abt the law which gov provide ?no one help you when you feel suffer. 5.",['wanaartha life'],https://twitter.com/Extordnry,"DKI Jakarta,Indonesia",Negatif,0,"Daerah Khusus Ibukota Jakarta, Indonesia",-6.1753942,106.827183
61,djasMpu,3192723644.0,Ryan setiawan (@xueyunxue1986) / X,Ryan setiawan's posts ... Suasana Duka Pada saat Meninggalnya Nasabah WanaArtha Life Deddy... ... Sosok Misterius Yang Bisikin Erick Thohir Soal Kerja Sat SethttpsÂ ...,['WanaArtha Life'],https://twitter.com/xueyunxue1986,"DKI Jakarta,Indonesia",Negatif,0,"Daerah Khusus Ibukota Jakarta, Indonesia",-6.1753942,106.827183
62,murezfah,1.09e+18,taPikir - Easy Going,"Jun 10, 2023 Â· #sh*t $wskt lagi... bakalan auto 50 saat unlock. Terungkap, Auditor Waskita Karya Terlibat Skandal Wanaartha Life - Market Â· FromÂ ...",['Wanaartha Life'],https://twitter.com/taPikir,cianjurjawabarat,Negatif,0,"Cianjur, Jawa Barat",-6.824096,107.1374006
63,KBernegara,1.13e+18,Rudy Limin,OJK Harus Segera Buka Blokir Rekening Efek WanaArtha Life - Tandatangani Petisi! https://t.co/JFIUe96tmz via @Change.,['WanaArtha Life'],https://twitter.com/rudylimin/status/1235614471994802179,Jepara,Negatif,0,"Jepara, Jawa Tengah",-6.5906502,110.6673202
64,demafebuin2019,4801790833.0,Alex Stefanus,Kl bpk2 @KejaksaanRI melakukan kasasi melawan pemegang polis Wanaartha Life yg tdk bersalah artinya Jaksa Agung & jajarannya membangkangÂ ...,['Wanaartha Life'],https://twitter.com/alexstefanus/status/1447570125008236548,"Bandung,JawaBarat",Negatif,0,"Bandung, Jawa Barat, 40252, Indonesia",-6.9344694,107.6049539
65,demafebuin2019,4801790833.0,wasiatkita,"1. wasiatkita Â· @wasiatkita. Â·. Aug 31, 2017. Wasiatkita menjadi narasumber dalam gathering yang diadakan oleh Wanaartha life dengan topik. ""7kesalahan umum"".",['Wanaartha life'],https://twitter.com/wasiatkita,iNews Tower Lantai10,Negatif,0,"iNews Tower, Jalan Kebon Sirih Jakarta",-6.1849205,106.8308589
66,cagubnyinyir2,1.01e+18,Easy Going,"#sh*t $wskt lagi... bakalan auto 50 saat unlock. Terungkap, Auditor Waskita Karya Terlibat Skandal Wanaartha Life - Market.",['Wanaartha Life'],https://twitter.com/taPikir/status/1667503751614312450,"KotaYogyakarta,Yogyakarta",Negatif,0,"Kota Yogyakarta, Daerah Istimewa Yogyakarta, Indonesia",-7.8011945,110.364917
67,KompasData,771030588.0,Subur Jaya Abadi Permai (@PermaiSubur) ...,"Bola Salju Kasus Gagal Bayar Wanaartha Life, Bakal Berakhir Bangkrut dan Pailit? ... Teman2 seperjuangan para pemegang polis Wanaartha Life & teman2 ygÂ ...","['Wanaartha Life', 'Wanaartha Life']",https://twitter.com/PermaiSubur,"DKI Jakarta,Indonesia",Negatif,0,"Daerah Khusus Ibukota Jakarta, Indonesia",-6.1753942,106.827183
68,cahnewrock,192883709.0,"""17. Jadi, ingin kami katakan, nasabah Wanaartha Life ...","17. Jadi, ingin kami katakan, nasabah Wanaartha Life jangan mau dikadalin berkali kali oleh Direksi dan Pemilik Wanaartha.",['Wanaartha Life'],https://twitter.com/ChopShopkc1/status/1326832164046958592,"DKI Jakarta,Indonesia",Negatif,0,"Daerah Khusus Ibukota Jakarta, Indonesia",-6.1753942,106.827183
69,DwikyPS,162393179.0,"23. Kasus Jiwasraya, Kejagung Periksa Pemilik Asuransi ...","23. Kasus Jiwasraya, Kejagung Periksa Pemilik Asuransi WanaArtha Life.",['WanaArtha Life'],https://twitter.com/ChopShopkc1/status/1326832203175587842,Yogyakarta,Negatif,0,"Kota Yogyakarta, Daerah Istimewa Yogyakarta, Indonesia",-7.8011945,110.364917
70,Goring28,1156254122.0,Polaris,WanaArtha Life Jadwalkan Pelaksanaan RUPSLB 4 Januari 2023 https://finansial.bisnis.com/read/20230101/215/1613833/wanaartha-life-jadwalkanÂ ...,"['WanaArtha Life', 'wanaartha-life']",https://twitter.com/polaroidblur77/status/1609602593952792577,"Jakarta Barat, DKI Jakarta",Netral,2,"Jakarta Barat, Daerah Khusus Ibukota Jakarta, Indonesia",-6.16156235,106.7438912
71,renandabachtar,74103498.0,Mutie Septianingsih,"""Silaturahim.."" WanaArtha Life terima kasih Pak nasihatnya, berkah kita semua @haikal_hassan @haikalbaras.",['WanaArtha Life'],https://twitter.com/MutieHaryanto/status/758601934320246785,"Balikpapan,Indonesia",Positif,1,"Balikpapan, Kalimantan Timur, 76128, Indonesia",-1.2398711,116.8593379
72,RifanAryanto,819993330.0,vitrieFebry - ipit,"â˜º Â· @vitriefebry. Â·. Jul 20, 2016. Rabu kelabu. Tapi dapet cemilan sebanyak ini. Gajadi kelabu   (at Wanaartha Life Pondok Kelapa) [pic] â€” https://path.com/p/Â ...",['Wanaartha Life'],https://twitter.com/vitriefebry,"Bandung,JawaBarat",Negatif,0,"Bandung, Jawa Barat, 40252, Indonesia",-6.9344694,107.6049539
73,cagubnyinyir2,1.01e+18,168,"... -tunggal-ojk-ratusan-nasabah-wanaartha-life-kawal-yudisial-review-uu-ppsk-di-mk/â€¦ Translate post. 12:16 AM Â· Jul 26, 2023. Â·. 168. Views. 1. Repost.",['wanaartha-life'],https://twitter.com/machrilmachril1/status/1683994762419003392,"Jakarta Pusat,DKI Jakarta",Netral,2,"Jakarta Pusat, Daerah Khusus Ibukota Jakarta, Indonesia",-6.18233995,106.8428715
74,KompasData,771030588.0,buyung86779669 - dody,PT Asuransi Jiwa Adisarana Wanaartha atau WanaArtha Life meluncurkan WanaArtha DPLK (Dana Pensiun Lembaga Keuangan).,['WanaArtha Life'],https://twitter.com/buyung86779669,"Palmerah,Jakarta",Netral,2,"Palmerah, Jakarta Barat, Daerah Khusus Ibukota Jakarta, Indonesia",-6.1910017,106.7943633
75,cahnewrock,192883709.0,"Lyn on X: ""Nasabah butuh duitt...."" / X",Nasabah Gagal Bayar WanaArtha Life Minta Direksi Baru Percepat Penyehatan KeuanganÂ ...,['WanaArtha Life'],https://twitter.com/Lolypop502/status/1531950958972129280,"DKI Jakarta,Indonesia",Negatif,0,"Daerah Khusus Ibukota Jakarta, Indonesia",-6.1753942,106.827183
76,DwikyPS,162393179.0,Hendri Kong,... ! @jokowi kembalikan uang kami @KejaksaanRI @ojkindonesia @PNjktpusat atau karma yang akan membalas derita 26ribu nasabah WanaArtha Life!,['WanaArtha Life'],https://twitter.com/hendrisamuel/status/1338870021930450944,"DKI Jakarta,Indonesia",Negatif,0,"Daerah Khusus Ibukota Jakarta, Indonesia",-6.1753942,106.827183
77,renandabachtar,74103498.0,h3nd4r - Hendar Tusmin,... Bayar 2%. Nasabah PT Asuransi Jiwa Adisarana Wanaartha (Wanaartha Life/WAL) buka suara soal hasil neraca sementara likuidasi (NSL) Wanaartha. 1. 2.,['Wanaartha Life'],https://twitter.com/h3nd4r,"DKI Jakarta,Indonesia",Netral,2,"Daerah Khusus Ibukota Jakarta, Indonesia",-6.1753942,106.827183
78,kholiq486,9.4e+17,Teenu C Jiriadana (@teenuchandra) ...,"Teenu C Jiriadana's posts ... Terima kasih kepada Pak Yanes Y. Matulatuwa (President Director WanaArtha Life), Ibu Mitzi Ranti, Ibu Ellusi, dan Ibu Yenny.",['WanaArtha Life'],https://twitter.com/teenuchandra,"Makassar,Indonesia",Netral,2,"Makassar ????, Galesong Selatan, Sulawesi Selatan, 90115, Indonesia",-5.1342962,119.4124282
79,sugengwahyudi03,85757826.0,Darma_9 - Darmawit Saputra,Otoritas Jasa Keuangan (OJK) mencabut izin usaha usaha PT Asuransi Jiwa Adisarana Wanaartha (Wanaartha Life/PT WAL) efektif per Senin (5/12).,['Wanaartha Life'],https://twitter.com/Darma_9,"DKI Jakarta,Indonesia",Netral,2,"Daerah Khusus Ibukota Jakarta, Indonesia",-6.1753942,106.827183
80,mamat_sura,9.52e+17,Alex Stefanus,"@jokowi Â· #LibatkanNasabahDlmTimLikuidasiWanaarthaLife. Translate post. Peserta Wanaartha Life Tercatat 100 Ribu, OJK: Tim Likuidasi AkanÂ ...",['Wanaartha Life'],https://twitter.com/alexstefanus/status/1601085057812549635,"Bandung,JawaBarat",Negatif,0,"Bandung, Jawa Barat, 40252, Indonesia",-6.9344694,107.6049539
81,balitbanghub151,3610194613.0,Dr.Basroni Kiran.SH.MH,Otoritas Jasa Keuangan (OJK) mengungkap rusaknya laporan keuangan dari Wanaartha Life. Ada penggelapan polis hingga Rp12 triliun! Edan! Wanaartha LifeÂ ...,"['Wanaartha Life', 'Wanaartha Life']",https://twitter.com/basronikiran,"DKI Jakarta,Indonesia",Negatif,0,"Daerah Khusus Ibukota Jakarta, Indonesia",-6.1753942,106.827183
82,dibbbbbbbbbbb,524879502.0,limsoeyantho,"@limsoeyantho. Â·. Apr 19, 2020 Â· http://theiconomics.com/art-of-execution/wanaartha-life-akan-tempuh-langkah-hukum-untuk-buka-pemblokiran-rekening/â€¦ Quote.",['wanaartha-life'],https://twitter.com/limsoeyantho,"Jakarta Pusat,DKI Jakarta",Netral,2,"Jakarta Pusat, Daerah Khusus Ibukota Jakarta, Indonesia",-6.18233995,106.8428715
83,cagubnyinyir2,1.01e+18,Alex Stefanus,"21/01/22 genap 2 thn uang premi pemegang polis pd SRE Wanaartha Life (WAL) diblokir, disita & dirampas @KejaksaanRI. 11/01/22 genap 3 blnÂ ...",['Wanaartha Life'],https://twitter.com/alexstefanus/status/1477998214355718144,"Palembang,Sumsel,Indonesia",Negatif,0,"Palembang, Sumatera Selatan",-2.9888297,104.756857
84,balitbanghub151,3610194613.0,Mutie Septianingsih (@MutieHaryanto) / X,"... @MutieHaryanto. Â·. Jul 28, 2016. ""Silaturahim.."" WanaArtha Life terima kasih Pak nasihatnya, berkah kita semua. @haikal_hassan. @haikalbaras. Image.",['WanaArtha Life'],https://twitter.com/MutieHaryanto,"DKI Jakarta,Indonesia",Positif,1,"Daerah Khusus Ibukota Jakarta, Indonesia",-6.1753942,106.827183
85,kholiq486,9.4e+17,fhr,"dmz_ers @hrdbacot Seru nih, org indo ada 11 orang, 3 orang kasus asuransi wanaartha life. Btw Harun Masiku udah ga ada di list red notice.",['wanaartha life'],https://twitter.com/nukanikufesin/status/1607403899232858112,"DKI Jakarta,Indonesia",Negatif,0,"Daerah Khusus Ibukota Jakarta, Indonesia",-6.1753942,106.827183
86,sugengwahyudi03,85757826.0,Teenu C Jiriadana,"Terima kasih kepada Pak Yanes Y. Matulatuwa (President Director WanaArtha Life), Ibu Mitzi Ranti, Ibu Ellusi, dan Ibu Yenny.",['WanaArtha Life'],https://twitter.com/teenuchandra/status/911475770274361346,"DKI Jakarta,Indonesia",Positif,1,"Daerah Khusus Ibukota Jakarta, Indonesia",-6.1753942,106.827183
87,mamat_sura,9.52e+17,jonlik0406 - Johan Likamto,"@jonlik0406. Â·. Feb 2, 2014. I'm devastated to this condition. Johan Likamto Â· @jonlik0406. Â·. Jan 27, 2014. wanaartha life,walinvest solusi terbaik untukÂ ...",['wanaartha life'],https://twitter.com/jonlik0406,"Kalimantan Tengah, Indonesia",Negatif,0,"Kalimantan Tengah, Indonesia",-1.499583,113.2903307
88,CimahiGarbi,1.06e+18,Kiki Saragih (@kiki_saragih) / X,"Total kewajiban yang harus dibayarkan WanaArtha Life kepada para pemegang polis menyentuh Rp15,7 triliun. Namun, aset perusahaan yang dimiliki tak sampaiÂ ...",['WanaArtha Life'],https://twitter.com/kiki_saragih,"Malang,JawaTimur",Negatif,0,"Malang, Jawa Timur, Indonesia",-8.10479815,112.6879872
89,balitbanghub151,3610194613.0,Indonesia Raya,"Usut Aliran Dana Wanaartha Life, Nasabah Tunjuk Auditor - Iconomics. From theiconomics.com Â· 3:49 PM Â· Jun 16, 2022.",['Wanaartha Life'],https://twitter.com/Indones20366386/status/1537462466208473088,MNCNewsCenterLt.11Jakarta,Netral,2,"iNews Tower, Jalan Kebon Sirih Jakarta",-6.1849205,106.8308589
90,YokoSetyoso,332300097.0,nniiiaasssss - nias damayanti,OJK Harus Segera Buka Blokir Rekening Efek WanaArtha Life - Tandatangani Petisi! https://t.co/3K2QqYZCaV lewat @ChangeOrg_ID.,['WanaArtha Life'],https://twitter.com/nniiiaasssss,"Bogor,JawaBarat",Negatif,0,"Bogor, Jawa Barat, 16121, Indonesia",-6.5962986,106.7972421
91,dibbbbbbbbbbb,524879502.0,agustina yang (@agustina_yang) ...,agustina yang's posts ... â© Pak Jokowi : tolong luangkan sedikit waktu buat korban investasi wanaartha life. Owner'nya sudah kabur ke Amrik. Pihak OJK tidak bisaÂ ...,['wanaartha life'],https://twitter.com/agustina_yang,"DKI Jakarta,Indonesia",Negatif,0,"Daerah Khusus Ibukota Jakarta, Indonesia",-6.1753942,106.827183
92,cagubnyinyir2,1.01e+18,TheCropJajang,"Sidang Vonis Jiwasraya Ditutup, Nasabah WanaArtha Life Bikin Kericuhan : Okezone Nasional. Sejumlah nasabah WanaArtha Life protes lantaranÂ ...","['WanaArtha Life', 'WanaArtha Life']",https://twitter.com/ChopShopkc1/status/1326812604686245888,"BalikpapanTengah,Indonesia",Negatif,0,"BalikpapanTengah,Indonesia",-1.2452915,116.8505397
93,balitbanghub151,3610194613.0,å“ä¿å¦,dan ojk yang saya rasa sdh nilep uang ini. Translate post. money.kompas.com. Nasabah Gagal Bayar Wanaartha Life: Kami Jangan Dibawa Muter-Â ...,['Wanaartha Life'],https://twitter.com/YeniChubi/status/1532717758219051008,"GrahaPena,KebayoranLama12",Negatif,0,"Graha Pena, Jalan Tanah Baru V, RW 04, Sukabumi Utara, Kebon Jeruk, Jakarta Barat, Daerah Khusus Ibukota Jakarta, 12210, Indonesia",-6.2150741,106.7777897
94,mauritsjelek,7.15e+17,"""Kami ada dosa apa pak tolong bukakan pintu hati sesuai ...",(Video bag 1) PN Jakpus 3/6/2021: Semua pakar hukum & saksi ahli bilang penyitaan aset nsbh Wanaartha Life oleh @KejaksaanRI adlh cacatÂ ...,['Wanaartha Life'],https://twitter.com/polaroidblur77/status/1403058656220954628,"DKI Jakarta,Indonesia",Negatif,0,"Daerah Khusus Ibukota Jakarta, Indonesia",-6.1753942,106.827183
95,Geegeehn1,9.86e+17,Christine Jahja (@c_jahja) / X,"Christine Jahja Â· @c_jahja. Â·. Jun 14, 2020 Â· http://Kompas.com https://investor.id/finance/nasabah-wanaartha-life-mengharapkan-rekening-yang-disita-Â ...",['wanaartha-life'],https://twitter.com/c_jahja,"Bekasi,JawaBarat",Negatif,0,"Bekasi, Jawa Barat, 17144, Indonesia",-6.2349858,106.9945444
96,Anti_KADRUN,2963528849.0,Yohan Yo,"... nasabah Wanaartha Life hanya sebesar 5% dari tagihan. Sementara gagal bayar sudah hampir genap 4 tahun. - Halaman 2. View. 7:06 AM Â· Dec 15, 2023. Â·. 29.",['Wanaartha Life'],https://twitter.com/YohanYo64596277/status/1735556825175769175,"DKI Jakarta,Indonesia",Negatif,2,"Daerah Khusus Ibukota Jakarta, Indonesia",-6.1753942,106.827183
97,ANTARASumsel,406921837.0,TheCropJajang,"... Piter Rasiman. Translate post. Kasus Jiwasraya, Kejagung Periksa Pemilik Asuransi WanaArtha Life. From m.bisnis.com Â· 10:20 AM Â· Nov 12, 2020.",['WanaArtha Life'],https://twitter.com/ChopShopkc1/status/1326832160087531525,"DKI Jakarta,Indonesia",Negatif,0,"Daerah Khusus Ibukota Jakarta, Indonesia",-6.1753942,106.827183
98,mauritsjelek,7.15e+17,Triple Double (@lor1nser) / X,"@lor1nser. Â·. Mar 5, 2020. OJK Harus Segera Buka Blokir Rekening Efek WanaArtha Life - Tandatangani Petisi! http://chng.it/qvh8pxst via. @ChangeOrg_ID. 1.",['WanaArtha Life'],https://twitter.com/lor1nser,"DKI Jakarta,Indonesia",Negatif,0,"Daerah Khusus Ibukota Jakarta, Indonesia",-6.1753942,106.827183
99,Geegeehn1,9.86e+17,Kresna Life Insurance (@KresnaLifeID ...,Official Account Of Kresna Life Insurance (PT Asuransi Jiwa Kresna) ... Kresna Life Insurance (@kresnalife) â€¢ Instagram photo. From instagram.com.,"['Kresna Life', 'Kresna Life']",https://twitter.com/KresnaLifeID,"DKI Jakarta,Indonesia",Netral,2,"Daerah Khusus Ibukota Jakarta, Indonesia",-6.1753942,106.827183
100,newsmerahputih,2714869507.0,Kresna Life Insurance,Kresna Life Insurance Â· @KresnaLifeID. Happy Vesak Day #vesakday Â· Kresna Life Insurance (@kresnalife) â€¢ Instagram photo Â· From instagram.com Â· 3:20 AM Â· May 19Â ...,"['Kresna Life', 'Kresna Life']",https://twitter.com/KresnaLifeID/status/1129949967794266121,"Balikpapan, Indonesia",Netral,2,"Balikpapan, Kalimantan Timur, 76128, Indonesia",-1.2398711,116.8593379
101,setda_kalteng,9.18e+17,Kresna Life Insurance,"Kresna Life Insurance Â· @KresnaLifeID. Happy Valentines Day! Share the love with everyone around you today!. Image. 1:31 AM Â· Feb 14, 2019.",['Kresna Life'],https://twitter.com/KresnaLifeID/status/1095857965741965312,"Kalimantan Tengah, Indonesia",Netral,2,"Kalimantan Tengah, Indonesia",-1.499583,113.2903307
102,ndablekngenoh,9.94e+17,Kresna Life: Kontroversi Putusan PTUN,Kresna Life: Kontroversi Putusan PTUN https://t.co/4JXHgVG5rk.,['Kresna Life'],https://twitter.com/bisnisindo_id/status/1767560248230068599,"DKI Jakarta,Indonesia",Negatif,2,"Daerah Khusus Ibukota Jakarta, Indonesia",-6.1753942,106.827183
103,SeputariNews,132078023.0,Hitexh,"We had jiwasraya case, then kresna life. Now Wanaartha life. OJK knew how screw up wanaartha since 2019 as they didnt publish annual report.",['kresna life'],https://mobile.twitter.com/Rifleamp/status/1600464607998771200,"Jakarta Pusat,DKI Jakarta",Negatif,0,"Jakarta Pusat, Daerah Khusus Ibukota Jakarta, Indonesia",-6.18233995,106.8428715
104,KompasData,771030588.0,"OJK Siapkan Banding, Ini Kronologi Kasus Kresna Life","OJK Siapkan Banding, Ini Kronologi Kasus Kresna Life https://t.co/ZJ43kfq86Q.",['Kresna Life'],https://twitter.com/cnbcindonesia/status/1762064608435597753,cianjurjawabarat,Negatif,0,"Cianjur, Jawa Barat",-6.824096,107.1374006
105,elang33959034,1.11e+18,Ini Kabar Terbaru Asuransi Bermasalah Kresna Life & ...,"Ini Kabar Terbaru Asuransi Bermasalah Kresna Life & Wanaartha https://t.co/DWPeuMksqB. ... (Kresna Life). 7:54 AM Â· Nov 2, 2023. Â·. 353. Views. 1.","['Kresna Life', 'Kresna Life']",https://twitter.com/cnbcindonesia/status/1719986437133943099,Jepara,Netral,2,"Jepara, Jawa Tengah",-6.5906502,110.6673202
106,RakyatMerdeka99,7.12e+17,"OJK, Kresna Life, dan Bayang-bayang Langkah Hukum ...","OJK, Kresna Life, dan Bayang-bayang Langkah Hukum Lanjutan https://t.co/yPVnS3uzy4.",['Kresna Life'],https://twitter.com/Bisniscom/status/1762419191603441690,"Bandung,JawaBarat",Netral,2,"Bandung, Jawa Barat, 40252, Indonesia",-6.9344694,107.6049539
107,NounaTalisy,2166144630.0,tempo,Kisruh Kresna Life memasuki babak baru. OJK meminta banding atas putusan PTUN. Nasib nasabah kian terkatung-katung.,['Kresna Life'],https://twitter.com/temponewsroom/status/1769665050355318861,iNews Tower Lantai10,Netral,2,"iNews Tower, Jalan Kebon Sirih Jakarta",-6.1849205,106.8308589
108,AchmadHelmi19,1.17e+18,Kresna Life Blak-blakan Alasan Tak Segera Penuhi Titah ...,Kresna Life Blak-blakan Alasan Tak Segera Penuhi Titah OJK https://t.co/g4RBJedIlf.,['Kresna Life'],https://twitter.com/cnbcindonesia/status/1628598089874542592,"KotaYogyakarta,Yogyakarta",Negatif,0,"Kota Yogyakarta, Daerah Istimewa Yogyakarta, Indonesia",-7.8011945,110.364917
109,SeputariNews,132078023.0,Infobank,Berita tentang dikabulkannya gugatan Kresna Life oleh Pengadilan Tata Usaha Negara (PTUN) Jakarta telah merusak â€œkewarasanâ€ sektor keuangan.,['Kresna Life'],https://twitter.com/infobanknews/status/1764878673428058530,"DKI Jakarta,Indonesia",Netral,2,"Daerah Khusus Ibukota Jakarta, Indonesia",-6.1753942,106.827183
110,BUNGJAH13,1.17e+18,OJK Cabut Izin Usaha Kresna Life,OJK Cabut Izin Usaha Kresna Life https://t.co/AC3qn7Hnjh.,['Kresna Life'],https://twitter.com/cnbcindonesia/status/1672217548597915648,"DKI Jakarta,Indonesia",Netral,2,"Daerah Khusus Ibukota Jakarta, Indonesia",-6.1753942,106.827183
111,KompasData,771030588.0,Investor Daily,"OJK mengungkap sederet ketidakberesan Kresna Life, baik saat upayanya keluar dari sanksi atau saat coba memenuhi kewajiban kepada nasabah.",['Kresna Life'],https://twitter.com/InvestorID/status/1775170873408049281,Yogyakarta,Negatif,0,"Kota Yogyakarta, Daerah Istimewa Yogyakarta, Indonesia",-7.8011945,110.364917
112,Aarpeceh,560699846.0,"Tim Likuidasi Kresna Life Terima Tagihan Rp4,34 Triliun ...","Tim Likuidasi Kresna Life Terima Tagihan Rp4,34 Triliun dari Ribuan Pemegang Polis https://t.co/PJdXryFqoR.",['Kresna Life'],https://twitter.com/Bisniscom/status/1754426662136279242,"Jakarta Barat, DKI Jakarta",Netral,2,"Jakarta Barat, Daerah Khusus Ibukota Jakarta, Indonesia",-6.16156235,106.7438912
113,RakyatMerdeka99,7.12e+17,OJK Beberkan Alasan Banding ke PTUN usai Pencabutan ...,OJK Beberkan Alasan Banding ke PTUN usai Pencabutan Izin Kresna Life Dibatalkan https://t.co/sE4y6asYNO.,['Kresna Life'],https://twitter.com/Bisniscom/status/1775291006436646925,"Balikpapan,Indonesia",Netral,2,"Balikpapan, Kalimantan Timur, 76128, Indonesia",-1.2398711,116.8593379
114,NounaTalisy,2166144630.0,"70% Nasabah Kresna Life Setujui SOL, OJK Ambil ...","70% Nasabah Kresna Life Setujui SOL, OJK Ambil Langkah Ini https://t.co/MUsr6tYXrj.",['Kresna Life'],https://twitter.com/cnbcindonesia/status/1646361204393402369,"Bandung,JawaBarat",Netral,2,"Bandung, Jawa Barat, 40252, Indonesia",-6.9344694,107.6049539
115,AchmadHelmi19,1.17e+18,tempo.co,"Dikalahkan Kresna Life di PTUN, OJK Ajukan Banding https://t.co/uQQiVvEN7B #TempoBisnis.",['Kresna Life'],https://twitter.com/tempodotco/status/1767755735033909270,"Jakarta Pusat,DKI Jakarta",Negatif,0,"Jakarta Pusat, Daerah Khusus Ibukota Jakarta, Indonesia",-6.18233995,106.8428715
116,Metro_TV,57261519.0,Investor Daily,Keputusan PTUN yang memenangkan Kresna Life terhadap putusan OJK bisa menimbulkan preseden buruk industri asuransi di masyarakat luas.,['Kresna Life'],https://twitter.com/InvestorID/status/1767409742790697099,"DKI Jakarta,Indonesia",Negatif,0,"Daerah Khusus Ibukota Jakarta, Indonesia",-6.1753942,106.827183
117,yudhabjnugroho,127182239.0,Investor Daily,"Selain menang dalam gugatan CIU Kresna Life, Michael Steven Cs juga memang dalam gugatan sanksi denda miliaran dari OJK di PTUN Jakarta.",['Kresna Life'],https://twitter.com/InvestorID/status/1762110549062823948,Yogyakarta,Negatif,0,"Kota Yogyakarta, Daerah Istimewa Yogyakarta, Indonesia",-7.8011945,110.364917
118,notbuzzer,158278197.0,OJK Minta Pengendali dan Direksi Kresna Life Ganti Rugi ...,OJK Minta Pengendali dan Direksi Kresna Life Ganti Rugi Pemegang Polis https://t.co/8M4n6Llwqr.,['Kresna Life'],https://twitter.com/KATADATAcoid/status/1672242493742788608,"DKI Jakarta,Indonesia",Positif,1,"Daerah Khusus Ibukota Jakarta, Indonesia",-6.1753942,106.827183
119,jpnncom,79130206.0,Michael Steven Mundur dari KREN H-1 Izin Kresna Life ...,Michael Steven Mundur dari KREN H-1 Izin Kresna Life Dicabut https://t.co/QgvWhEb1TX.,['Kresna Life'],https://twitter.com/cnbcindonesia/status/1673122242287505409,"Jawa Timur,Indonesia",Negatif,0,Jawa Timur,-7.6977397,112.4914199
120,BNews_Borneo,3028511053.0,Tim Likuidasi Kresna Life Buka Pendaftaran Tagihan ...,"Tim Likuidasi Kresna Life Buka Pendaftaran Tagihan Babak Kedua, Ini Caranya! https://t.co/0CVpYMFa8J.",['Kresna Life'],https://twitter.com/Bisniscom/status/1754446037727535561,"Batam,Indonesia",Netral,2,"Batam, Kepulauan Riau, Indonesia",1.1061034,104.0378246
121,IpungLombok,86233947.0,OJK Indonesia,"Beberapa kasus perusahaan asuransi spt Asuransi Jiwa Adisarana Wanaartha (Wanaartha Life/PT WAL), Asuransi Jiwa Kresna (Kresna Life/PT AJK)Â ...",['Kresna Life'],https://twitter.com/ojkindonesia/status/1621747849246695424,"DKI Jakarta,Indonesia",Negatif,0,"Daerah Khusus Ibukota Jakarta, Indonesia",-6.1753942,106.827183
122,Rubby63275173,1.15e+18,CNBC Indonesia,"PT Asuransi Jiwa Kresna (AJK/Kresna Life) hari ini, Senin, (5/6/2023) menyerahkan total 22 dus dokumen ke OJK.",['Kresna Life'],https://twitter.com/cnbcindonesia/status/1665627169182351361,"DKI Jakarta,Indonesia",Netral,2,"Daerah Khusus Ibukota Jakarta, Indonesia",-6.1753942,106.827183
123,Iradiojakarta,73102464.0,"Orang Ini Korban Indosurya, Wanaartha, Kresna Life Rp7 ...","Orang Ini Korban Indosurya, Wanaartha, Kresna Life Rp7 M Raib https://t.co/x75LM8OweH.",['Kresna Life'],https://twitter.com/cnbcindonesia/status/1621296391766278146,"DKI Jakarta,Indonesia",Negatif,0,"Daerah Khusus Ibukota Jakarta, Indonesia",-6.1753942,106.827183
124,Kristiantoid,1.03e+18,Daftar 4 Asuransi Bermasalah yang Izinnya Dicabut OJK ...,"Daftar 4 Asuransi Bermasalah yang Izinnya Dicabut OJK, Termasuk Kresna Life https://t.co/3M9AMhn6fY.",['Kresna Life'],https://twitter.com/Bisniscom/status/1766043833291485616,"DKI Jakarta,Indonesia",Netral,2,"Daerah Khusus Ibukota Jakarta, Indonesia",-6.1753942,106.827183
125,newsmerahputih,2714869507.0,Andre Lim,"Log in Â· Sign up. Conversation. Andre Lim Â· @Vermont_07 Â· #kresna life. 3:33 PM Â· Jul 8, 2017 Â· 1. Like.",['kresna life'],https://twitter.com/Vermont_07/status/883710635841699849,"DKI Jakarta,Indonesia",Netral,2,"Daerah Khusus Ibukota Jakarta, Indonesia",-6.1753942,106.827183
126,indozonemedia,350668803.0,Investor Daily,"Bagi nasabah, putusan PTUN yang mengabulkan pembatalan CIU Kresna Life adalah kesempatan terakhir bagi Grup Kresna. https://t.co/4rfRwcDbObÂ ...",['Kresna Life'],https://twitter.com/InvestorID/status/1761914613313286151,"DKI Jakarta,Indonesia",Positif,1,"Daerah Khusus Ibukota Jakarta, Indonesia",-6.1753942,106.827183
127,IpungLombok,86233947.0,Kresna Life Insurance,Kresna Life Insurance Â· @KresnaLifeID. 18 Juli 2019 - Investor Daily memberikan penghargaan kepada PT Asuransi Jiwa sebagai Asuransi TerbaikÂ ...,['Kresna Life'],https://twitter.com/KresnaLifeID/status/1152142415634976768,"DKI Jakarta,Indonesia",Positif,1,"Daerah Khusus Ibukota Jakarta, Indonesia",-6.1753942,106.827183
128,Iradiojakarta,73102464.0,kumparan,OJK diminta segera ambil langkah tegas soal putusan PTUN yang menangkan Kresna Life. #bisnis #update #bisnis #text https://t.co/sA1R4w1eJ5.,['Kresna Life'],https://twitter.com/kumparan/status/1767438432673165811,"Jakarta Pusat,DKI Jakarta",Netral,2,"Jakarta Pusat, Daerah Khusus Ibukota Jakarta, Indonesia",-6.18233995,106.8428715
129,Kristiantoid,1.03e+18,Media Asuransi News,... (Kresna Life). https://t.co/ifeOOrH4Ed. ... (Kresna Life). Translate post. PTUN Jakarta Resmi Batalkan Pencabutan Izin Usaha Kresna Life. FromÂ ...,"['Kresna Life', 'Kresna Life', 'Kresna Life']",https://twitter.com/Media_Asuransi/status/1762017174603063560,"DKI Jakarta,Indonesia",Netral,2,"Daerah Khusus Ibukota Jakarta, Indonesia",-6.1753942,106.827183
130,MAsepDimyati1,9.55e+17,OJK Siapkan Langkah Banding Soal Putusan PTUN ...,OJK Siapkan Langkah Banding Soal Putusan PTUN Kresna Life https://t.co/uYosN05cpM.,['Kresna Life'],https://twitter.com/Bisniscom/status/1762714389206159812,"Makassar,Indonesia",Netral,2,"Makassar ????, Galesong Selatan, Sulawesi Selatan, 90115, Indonesia",-5.1342962,119.4124282
131,SupyandiH,1.16e+18,Kresna Life Insurance,"Kresna Life Insurance Â· @KresnaLifeID. Segenap Jajaran Direksi, Komisaris dan karyawan PT Asuransi Jiwa Kresna turut berduka cita atasÂ ...",['Kresna Life'],https://twitter.com/KresnaLifeID/status/1172002363336359936,"Malang,JAWATIMUR,INDONESIA",Positif,1,"Malang, Jawa Timur, Indonesia",-8.10479815,112.6879872
132,yusufammar_w,576755999.0,Kresna Life Insurance,Conversation. Kresna Life Insurance Â· @KresnaLifeID. Selamat Natal 2019 Semoga bahagia dan damai sejahtera selalu menyertai. Translate post.,['Kresna Life'],https://twitter.com/KresnaLifeID/status/1209674830766690304,"Kalimantan Tengah, Indonesia",Positif,1,"Kalimantan Tengah, Indonesia",-1.499583,113.2903307
133,Azlasy,928840044.0,Respons OJK Usai Sanksi ke Kresna Life dan Michael ...,Respons OJK Usai Sanksi ke Kresna Life dan Michael Steven Dibatalkan PTUN https://t.co/yDjsQzhK2E.,['Kresna Life'],https://twitter.com/merdekadotcom/status/1764666753504997663,"Jakarta Pusat,DKI Jakarta",Negatif,0,"Jakarta Pusat, Daerah Khusus Ibukota Jakarta, Indonesia",-6.18233995,106.8428715
134,cagubnyinyir2,1.01e+18,Korban Asuransi Kresna Life: Tolong Pak Kapolri Beri ...,Korban Asuransi Kresna Life: Tolong Pak Kapolri Beri Kami Keadilan https://t.co/PWEqXIoDJy.,['Kresna Life'],https://twitter.com/jawapos/status/1567816210246672386,"Padang,sumaterabarat",Negatif,0,"Padang, Sumatera Barat",-0.9247587,100.3632561
135,DanielSentanu,9.52e+17,kumparan,... Kresna Life. #bisnisupdate #update #Bisnis #text https://t.co/yrzPpOpIVv. ... Kresna Life. #bisnisupdate #update #Bisnis #text. Translate post.,"['Kresna Life', 'Kresna Life']",https://twitter.com/kumparan/status/1762372892036399592,"DKI Jakarta,Indonesia",Netral,2,"Daerah Khusus Ibukota Jakarta, Indonesia",-6.1753942,106.827183
136,duansitorus,9.16e+17,CNBC Indonesia,[THREAD] Kresna Life menyatakan harus menunda pembayaran dua produk asuransinya yakni Kresna Link Investa (K-LITA) dan Protecto Investa Kresna (PIK).,['Kresna Life'],https://mobile.twitter.com/cnbcindonesia/status/1293042641290985472,"DKI Jakarta,Indonesia",Negatif,0,"Daerah Khusus Ibukota Jakarta, Indonesia",-6.1753942,106.827183
137,OfficialRecrowd,1.08e+18,Kresna Life Insurance,"Kresna Life Insurance Â· @KresnaLifeID. 25 Juli 2019 - PT Asuransi Jiwa Kresna pada ""Rating Asuransi 127 Asuransi Infobank 2019"" mendapatkanÂ ...",['Kresna Life'],https://twitter.com/KresnaLifeID/status/1154376984585097216,Jakarta selatan,Netral,2,"Jakarta Selatan, Daerah Khusus Ibukota Jakarta, Indonesia",-6.28381815,106.8048635
138,tribunkaltim,103551225.0,Kresna Life Insurance,04 Maret 2019 - Kunjungan OJK ke kantor pemasaran Kresna Life Insurance cabang Jakarta Barat @ojkindonesia.,['Kresna Life'],https://twitter.com/KresnaLifeID/status/1102415499747418115,Kalimantan Timur,Netral,2,"Kalimantan Timur, Indonesia",0.7884397,116.2419977
139,id_laundry,1.16e+18,CNBC Indonesia,"Tok! Kresna Life Diputus Pailit, Terus Nasib Nasabah Gimana? https://t.co/WTUIgjfhcw.",['Kresna Life'],https://mobile.twitter.com/cnbcindonesia/status/1403617566895927299,"Jakarta Pusat,DKI Jakarta",Negatif,0,"Jakarta Pusat, Daerah Khusus Ibukota Jakarta, Indonesia",-6.18233995,106.8428715
140,HADI_GAM76,53261440.0,irvan rahardjo (@irvanrahardjo) / X,SERI BUKU ASURANSI : Robohnya Asuransi Kami - Bumiputera ( 2020),,,"Kalimantan Timur,Indonesia",Netral,2,"Kalimantan Timur, Indonesia",0.7884397,116.2419977
141,fathoonn,1.16e+18,ucink,OJK Bakal Lawan Balik PTUN Soal Putusan Cabut Izin Usaha Kresna Life https://t.co/4Ej6ivBQo8 @KontanNews.,['Kresna Life'],https://twitter.com/catuaries/status/1762364139371192503,"banyuwangi,Jatim,Indonesia",Netral,2,"Banyuwangi, Jawa Timur, Indonesia",-8.33277885,114.1416421
142,Ar_rum,62500965.0,"Perbaiki Rasio Solvabilitas, OJK Tetap Minta Kresna Life ...","Perbaiki Rasio Solvabilitas, OJK Tetap Minta Kresna Life Tambah Modal https://t.co/6AsfMHOvI5.",['Kresna Life'],https://mobile.twitter.com/KompasEkonomi/status/1626206273896353796,"Lampung,Indonesia",Positif,1,"Lampung, Indonesia",-4.8555039,105.0272986
143,Resof85,7.43e+17,Indonesia Raya (@Indones20366386) / X,"From bisnis.tempo.co Â· 9 Â· Indonesia Raya Â· @Indones20366386. Â·. Aug 6, 2023 Â· Video: Simak Buka-Bukaan OJK Soal Tim Likuidasi Kresna Life! From cnbcindonesia.",['Kresna Life'],https://twitter.com/Indones20366386,"DKI Jakarta,Indonesia",Negatif,0,"Daerah Khusus Ibukota Jakarta, Indonesia",-6.1753942,106.827183
144,NARAjaTim,8.04e+17,Lyn (@Lolypop502) / X,"Uang keringat rakyat Indonesia hilang begitu saja akibat kelalaian OJK WanaArtha dan Kresna Life, malah OJK komunikasi diam2 dengan buronan? Alamat lengkapÂ ...",['Kresna Life'],https://twitter.com/Lolypop502,"JawaTengah,Indonesia",Negatif,0,"Jawa Tengah, Indonesia",-5.6259648,110.371649
145,refanardhy,1.1e+18,"PTUN Kabulkan Gugatan Michael Steven, Cabut Izin ...","PTUN Kabulkan Gugatan Michael Steven, Cabut Izin Usaha Kresna Life Batal! https://t.co/xp2pAV8AyP . '",['Kresna Life'],https://twitter.com/catuaries/status/1762364866432807254,KalimantanKutaiKertanegara,Netral,2,Kalimantan Kutai Kertanegara,-0.423174,116.9814363
146,aldomabar,1008579596.0,Gatra Media Group,Kurniadi Sastrawinata selaku Direktur Utama Kresna Life menyampaikan bahwa perusahaan menghadapi keadaan Kahar atau Force Majeur yang diluarÂ ...,['Kresna Life'],https://twitter.com/majalah_gatra/status/1431067209896394763,"DKI Jakarta,Indonesia",Negatif,0,"Daerah Khusus Ibukota Jakarta, Indonesia",-6.1753942,106.827183
147,OfficialRecrowd,1.08e+18,humas polres malinau,Polri Ungkap Kasus Investasi Ilegal PT. Asuransi Kresna Life @polda_kaltara #polresmalinau #polresmalinaumantap   #polripresisi.,['Kresna Life'],https://twitter.com/HumasResmal/status/1485841555449847809,"DKI Jakarta,Indonesia",Negatif,0,"Daerah Khusus Ibukota Jakarta, Indonesia",-6.1753942,106.827183
148,Rifqira19065037,9.67e+17,YeniChubi - å“ä¿å¦,"@KejaksaanRI. Juga membantu menunda pembayaran WA. OJK Buka-bukaan Kondisi Kresna Life dan WanaArtha Life, Ini Perkembangannya Â· From finance.detik.com.",['Kresna Life'],https://twitter.com/yenichubi,VMG3bloki5no.8Bekasi,Negatif,0,"Bekasi, Jawa Barat, 17144, Indonesia",-6.2349858,106.9945444
149,silumanleupeut,1.06e+18,"Bos Asuransi Bangkrut Mangkir, Michael Steven VS OJK ...",Pemilik Kresna Life Michael Steven dan jajarannya diklaim tak mengindahkan Perintah Tertulis OJK untuk bertanggung jawab atas kasus gagalÂ ...,['Kresna Life'],https://twitter.com/cnbcindonesia/status/1745595137579962565,"Jakarta Pusat,DKI Jakarta",Negatif,0,"Jakarta Pusat, Daerah Khusus Ibukota Jakarta, Indonesia",-6.18233995,106.8428715
150,id_laundry,1.16e+18,irvan rahardjo,"SEGERA TERBIT : ROBOHNYA ASURANSI KAMI- Pemailitan Kresna Life ( xvi + 294 hal , IPB Press , 2021 ) Sambutan Ketua @BPKN_RI RI",,,"KotaSurabaya,JawaTimur",Netral,2,"Taman Balai Kota Surabaya, RW 05, Genteng, Ketabang, Genteng, Surabaya, Jawa Timur, 60272, Indonesia",-7.2600876,112.7468261
151,brendasus88,7.98e+17,HukumOnline,"Dirut Kresna Life Jadi Tersangka, Nasabah Khawatir Dana Sulit Kembali. Nasabah mempertanyakan apa yang akan dilakukan OJK sebagai bentukÂ ...",['Kresna Life'],https://twitter.com/HukumOnline/status/1572518499762589696,Gd.IklanKaltimPostMarkoni,Negatif,0,"Kalimantan Timur, Indonesia",0.7884397,116.2419977
152,HADI_GAM76,53261440.0,Kompas.com,"Langkah Banding OJK Hadapi Putusan Pembatalan Pencabutan Izin Usaha Kresna Life. From money.kompas.com Â· 1:41 AM Â· Mar 5, 2024. Â·. 861. Views. 1.",['Kresna Life'],https://twitter.com/kompascom/status/1764828462572052542,"DKI Jakarta,Indonesia",Netral,2,"Daerah Khusus Ibukota Jakarta, Indonesia",-6.1753942,106.827183
153,fathoonn,1.16e+18,kakangnu - mangnu,"Michael Steven Menang Lawan OJK di PTUN, CIU Kresna Life Batal https ... Michael Steven Menang Lawan OJK di PTUN, CIU Kresna Life Batal. From investor.id. 1.","['Kresna Life', 'Kresna Life']",https://twitter.com/kakangnu,"DKI Jakarta,Indonesia",Netral,2,"Daerah Khusus Ibukota Jakarta, Indonesia",-6.1753942,106.827183
154,KompasData,771030588.0,usutpembunuhan1,"... Jiwasraya, Asabri, Wanaartha, Bakrie Life, Indo Life, Kresna Life, Bumi Asihjaya jadi tidak berdaya untuk membayar klaim atau GAGAL BAYAR!!! #BubarkanPDIP.",['Kresna Life'],https://twitter.com/USUTPEMBUNUHAN1,BekasiIndonesia,Negatif,0,"Bekasi, Jawa Barat, 17144, Indonesia",-6.2349858,106.9945444
155,senyumwoi,2705835224.0,WWO121 (@WWO12110) / X,"Mulai dari AJB Bumiputera, Jiwasraya, Asabri, hingga Kresna Life itu tidak lepas dari pengawasan OJK yang sangat lemah. Terlebih lagi adanya regulatory andÂ ...",['Kresna Life'],https://twitter.com/WWO12110,"Jl.RTAMilonoKm2,5Palangka",Negatif,0,"Palangka Raya, Kalimantan Tengah, 73112, Indonesia",-2.2072919,113.9164372
156,Ar_rum,62500965.0,mawar7rasa - Say Myname,"Say Myname Â· @mawar7rasa. Â·. Sep 29, 2022. haduh. Kasasi Kabul, LQ Indonesia: Ribuan Nasabah Asuransi Kresna Life Hanya akan Dapat Tulang Belulang Â· FromÂ ...",['Kresna Life'],https://twitter.com/mawar7rasa,Bekasi,Negatif,0,"Bekasi, Jawa Barat, 17144, Indonesia",-6.2349858,106.9945444
157,aindraku,166261604.0,irvan rahardjo,WEBINAR & Peluncuran Buku ROBOHNYA ASURANSI KAMI Pemailitan Kresna Life Penulis Irvan Rahardjo Kata Pengantar Prof.,['Kresna Life'],https://twitter.com/irvanrahardjo/status/1430724151107411969,Palangkaraya,Netral,2,"Palangka Raya, Kalimantan Tengah, 73112, Indonesia",-2.2072919,113.9164372
158,NephiLaxmus,62764588.0,Subur Jaya Abadi Permai (@PermaiSubur) ...,"Subur Jaya Abadi Permai reposted Â· Indonesia Raya Â· @Indones20366386. Â·. Nov 4, 2022 Â· OJK Beri Sanksi buat WanaArtha dan Kresna Life! From finance.detik.com. 1.",['Kresna Life'],https://twitter.com/PermaiSubur,Depok??Bandung,Positif,1,"Depok, Jawa Barat, 16439, Indonesia",-6.4074657,106.8138131
159,refanardhy,1.1e+18,Kresna Life Insurance,Kresna Life Insurance Â· @KresnaLifeID. Selamat mengawali langkah untuk membawa Indonesia lebih maju Bpk. @jokowi. dan Bpk. @kyai_marufamin.,['Kresna Life'],https://twitter.com/KresnaLifeID/status/1186221719482032128,Jl.RayaKebayoranLamaNo.72,Positif,1,Kebayoran Lama,-6.243886,106.7798594
160,KontanNews,43799886.0,Indolife Bumi Asih Jaya Taspen Jiwasraya OJK,"Â·. Feb 24, 2021. Gagal bayar ksp Lima Garuda. Image. 1. Indolife Bumi Asih Jaya Taspen Jiwasraya OJK Â· @pasarbursa. Â·. Feb 24, 2021. Kresna life gagal bayar.",['Kresna life'],https://twitter.com/pasarbursa,"Jakarta Barat, DKI Jakarta",Negatif,0,"Jakarta Barat, Daerah Khusus Ibukota Jakarta, Indonesia",-6.16156235,106.7438912
161,sadewobagas,818564467.0,Say Myname,"Kasasi Kabul, LQ Indonesia: Ribuan Nasabah Asuransi Kresna Life Hanya akan Dapat Tulang Belulang. From netralnews.com.",['Kresna Life'],https://twitter.com/mawar7rasa/status/1575349277471440896,"Jakarta Barat, DKI Jakarta",Negatif,0,"Jakarta Barat, Daerah Khusus Ibukota Jakarta, Indonesia",-6.16156235,106.7438912
162,KompasData,771030588.0,Suara Otoritas (@suaraojk) / X,"@suaraojk. Â·. Nov 11, 2020. Setelah gagal di Jiwasraya, Minna Padi, Kresna Life, jangan berlanjut pada pemulihan ekonomi nasional! #ReformasiOJK. Image.",['Kresna Life'],https://twitter.com/suaraojk,"DKI Jakarta,Indonesia",Negatif,0,"Daerah Khusus Ibukota Jakarta, Indonesia",-6.1753942,106.827183
163,zealandiasarah,230445594.0,Lucky Santoso (@luqsantoso) / X,"3. 60. 692. Lucky Santoso Â· @luqsantoso. Â·. Apr 1, 2022 Â· Nasabah Resah Pembayaran Tersendat, OJK Minta Kresna Life Segera Tambah Modal Â· From finansial.bisnis.",['Kresna Life'],https://twitter.com/luqsantoso,Sunter,Negatif,0,"Daerah Khusus Ibukota Jakarta, Indonesia",-6.1753942,106.827183
164,Ikhlas_fathur,1030709318.0,OJK Perintahkan Asuransi Bumiputera 1912 Penuhi Aturan ...,OJK Perintahkan Asuransi Bumiputera 1912 Penuhi Aturan Modal Rp250 Miliar pada 2026 https://t.co/SWtU3KARAY.,['Asuransi Bumiputera'],https://twitter.com/Bisniscom/status/1790169549037564227,"DKI Jakarta,Indonesia",Positif,1,"Daerah Khusus Ibukota Jakarta, Indonesia",-6.1753942,106.827183
165,Ikhlas_fathur,1030709318.0,OJK Perintahkan Asuransi Bumiputera 1912 Penuhi Aturan ...,OJK Perintahkan Asuransi Bumiputera 1912 Penuhi Aturan Modal Rp250 Miliar Saat Ekuitas Minus Rp4 Triliun https://t.co/qKbVs1uEta.,['Asuransi Bumiputera'],https://twitter.com/Bisniscom/status/1790176089656168952,Aceh.Indonesia????,Positif,1,"Aceh, Indonesia",4.3685491,97.0253024
166,warnahidup7,1.19e+18,Sistem Klaim Asuransi Bumiputera 1912 Mati 6 Bulan? ...,Sistem Klaim Asuransi Bumiputera 1912 Mati 6 Bulan? Manajemen Buka Suara https://t.co/XhKfJJvQsz.,['Asuransi Bumiputera'],https://twitter.com/Bisniscom/status/1740290271903129903,"DKI Jakarta,Indonesia",Negatif,0,"Daerah Khusus Ibukota Jakarta, Indonesia",-6.1753942,106.827183
167,indozonemedia,350668803.0,"""Dari lama kami ingin bahas Asuransi Bumiputera tapi ...",Dari lama kami ingin bahas Asuransi Bumiputera tapi bingung siapa yg harus disalahkan? BUMN bukan Perseroan swasta pun bukan.,['Asuransi Bumiputera'],https://twitter.com/PartaiSocmed/status/1670633732842348545,"Depok,Indonesia",Negatif,0,"Depok, Jawa Barat, 16439, Indonesia",-6.4074657,106.8138131
168,mostradio1058fm,85805755.0,convomfs,"di sini ada yg korban asuransi bumiputera ngga ya? Kira-kira prosedur buat pengembalian polis gmn ya alurnya, soalnya uang buat kuliahÂ ...",['asuransi bumiputera'],https://twitter.com/convomfs/status/1755492434325508306,"Pamekasan,Indonesia",Negatif,0,"Pamekasan, Jawa Timur, Indonesia",-7.07081335,113.5003939
169,KompasData,771030588.0,Kabinet KM ITB,"[Asuransi Bumiputera Muda] Asuransi setiap mahasiswa ITB! Info lengkap-> datangi loket beasiswa LK,Basement CC Barat.",['Asuransi Bumiputera'],https://twitter.com/KM_ITB/status/730400121624494082,"Palmerah,Jakarta",Netral,2,"Palmerah, Jakarta Barat, Daerah Khusus Ibukota Jakarta, Indonesia",-6.1910017,106.7943633
170,Kariozz1,9.94e+17,"Tak Satu Pun Aset Properti AJB Bumiputera Terjual, Uang ...","OJK menyatakan belum terdapat properti milik asuransi Bumiputera yang terjual, padahal diharapkan bisa menjadi sumber dana untuk pembayaranÂ ...",['asuransi Bumiputera'],https://twitter.com/Bisniscom/status/1732000139391475803,"Jakarta Pusat,DKI Jakarta",Negatif,0,"Jakarta Pusat, Daerah Khusus Ibukota Jakarta, Indonesia",-6.18233995,106.8428715
171,Ikhlas_fathur,1030709318.0,Bos Uya Kuya (@Bos_UyaKuya) / ...,Dari lama kami ingin bahas Asuransi Bumiputera tapi bingung siapa yg harus disalahkan? BUMN bukan Perseroan swasta pun bukan. Ada yg bisa bantu menjelaskanÂ ...,['Asuransi Bumiputera'],https://twitter.com/Bos_UyaKuya,"Indonesia,UK",Negatif,0,"Daerah Khusus Ibukota Jakarta, Indonesia",-6.1753942,106.827183
172,RakyatMerdeka99,7.12e+17,Strategi + Bisnis,"Feb 17, 2023 â€” Ratapan Duka Korban Asuransi Bumiputera dan KSP Indosurya | Blog Strategi + Manajemen https://t.co/PIBOqc37ab.",['Asuransi Bumiputera'],https://twitter.com/Strategi_Bisnis/status/1626569362336534534,"DKI Jakarta,Indonesia",Negatif,0,"Daerah Khusus Ibukota Jakarta, Indonesia",-6.1753942,106.827183
173,RakyatMerdeka99,7.12e+17,kontan news,"Nov 12, 2019 â€” Kawal pembayaran premi yang telat, SP Asuransi Bumiputera minta maaf https://t.co/hBdxgJWcgm #Asuransi.",['Asuransi Bumiputera'],https://mobile.twitter.com/KontanNews/status/1194306374592679936,"Bandung,JawaBarat",Negatif,0,"Bandung, Jawa Barat, 40252, Indonesia",-6.9344694,107.6049539
174,bemFMIPAUI,236059964.0,Isyrt (@record_isyrt) / X,"Mohon kami (nasabah korban Asuransi Bumiputera) dibantu Bapak Presiden. @jokowi . Anak-anak kami yg mau daftar sekolah, kuliah, butuh biaya. TerimakasihÂ ...",['Asuransi Bumiputera'],https://twitter.com/record_isyrt,"DKI Jakarta,Indonesia",Negatif,0,"Daerah Khusus Ibukota Jakarta, Indonesia",-6.1753942,106.827183
175,qnafess,1.14e+18,dia (@sIythwerin) / X,"38 Â· dia Â· @sIythwerin. Â·. Mar 5. bau enak apa ini malem-malem, kaya bau martabak. 42 Â· dia Â· @sIythwerin. Â·. Mar 5. sp korban asuransi bumiputera? â˜  . Quote.",['asuransi bumiputera'],https://twitter.com/siythwerin,"KotaTasikmalaya,JawaBarat",Negatif,0,"Tasikmalaya, Jawa Barat, 46151, Indonesia",-7.3262484,108.2201154
176,qnafess,1.14e+18,Andreas Peter CK (@peter_andreasCK) / ...,... | Blog Strategi + Manajemen. Ratapan Duka Korban Asuransi Bumiputera dan KSP Indosurya - Blog Strategi + Manajemen. From strategimanajemen.net. 4. 17. 27.,['Asuransi Bumiputera'],https://twitter.com/peter_andreasCK,"DKI Jakarta,Indonesia",Negatif,0,"Daerah Khusus Ibukota Jakarta, Indonesia",-6.1753942,106.827183
177,putra_villadank,1.03e+18,mikir duit,"Nov 1, 2023 â€” Buat kamu yang jadi korban asuransi Bumiputera, Jiwasraya, Wanartha life, dan Kresna life. Cek updatenya di sini.",['asuransi Bumiputera'],https://twitter.com/Mikirduitcom/status/1719621493653647737,MJLK????,Negatif,0,"Kantor Bupati Mjlk, Majalengka, Jawa Barat, Indonesia",-6.83633985,108.2276444
178,izzulislam77,9.09e+17,Sebut Saja MA (@Muhamma48641303) ...,"Asuransi Bumiputera Kacau, Pemegang Polis Gigit Jari https://youtu.be/knES61iho5Q lewat. @YouTube Â· youtube.com. Asuransi Bumiputera Kacau, Pemegang Polis GigitÂ ...","['Asuransi Bumiputera', 'Asuransi Bumiputera']",https://twitter.com/Muhamma48641303,Tlogomas,Negatif,0,"Tlogomas, Malang",-7.9293941,112.6036958
179,bintangku206,7.48e+17,tempo.co,"Para nasabah yang berdemo mengaku sangat membutuhkan pencairan klaim dana asuransi Bumiputera, terlebih di saat sulit seperti saat ini. 12Â ...",['asuransi Bumiputera'],https://mobile.twitter.com/tempodotco/status/1364549273279369216,"DKI Jakarta,Indonesia",Negatif,0,"Daerah Khusus Ibukota Jakarta, Indonesia",-6.1753942,106.827183
180,machbeach,377100794.0,suhriyah - sawaludin RL,Asuransi Bumiputera abaikan biaya pendidikan anak kami. Sampai sekarang Bumiputera belum membayar klaim kami yang seharusnya Jan 2020 dibayar.@menteri_keuangan.,['Asuransi Bumiputera'],https://twitter.com/suhriyah,"DKI Jakarta,Indonesia",Negatif,0,"Daerah Khusus Ibukota Jakarta, Indonesia",-6.1753942,106.827183
181,akubisalah,450371998.0,Emiyati (@9547bbf363e642e) / X,"Â·. Mar 21, 2015. My love... Image. 1. Emiyati Â· @9547bbf363e642e. Â·. Mar 19, 2015. Selamat & Sukses..Asuransi Bumiputera mendapatkan Customer Royalty Award 2015.",['Asuransi Bumiputera'],https://twitter.com/9547bbf363e642e,"Jakarta Pusat,DKI Jakarta",Netral,2,"Jakarta Pusat, Daerah Khusus Ibukota Jakarta, Indonesia",-6.18233995,106.8428715
182,moulevey,62846369.0,Giq (@ekogiq) / X,"Legislator PDIP Lampung, Nurhasanah Ditetapkan Sebagai Tersangka Pengelolaan Asuransi Bumiputera ... asuransi-bumiputera/â€¦ 108. 411. 1K.","['Asuransi Bumiputera', 'asuransi-bumiputera']",https://twitter.com/ekogiq,"Bali,Indonesia",Negatif,0,"Bali, Indonesia",-8.3304977,115.0906401
183,tero2_boshu,38138724.0,Akikah Jakarta,"Jun 25, 2010 â€” Mella (@ Asuransi bumiputera tj.priok) http://4sq.com/9O7XUa.",['Asuransi bumiputera'],https://mobile.twitter.com/akikahjakarta/status/16982649858,"DKI Jakarta,Indonesia",Netral,2,"Daerah Khusus Ibukota Jakarta, Indonesia",-6.1753942,106.827183
184,RjmMakmur,2780292024.0,Bungaran Sitanggang (@bungaran_bsa) / X,Adakah rasa kemanusiaan Menteri BUMN dan OJK? Sadarkan Asuransi Bumiputera 1912 telah merugikan banyak masyarakat ? Pertanggungan asuransi banyak yang sudahÂ ...,['Asuransi Bumiputera'],https://twitter.com/bungaran_bsa,JATIASIHKotaBekasiWestJAVA,Negatif,0,"Jatiasih, Jawa Barat, 17423, Indonesia",-6.2936589,106.9636695
185,tribunkaltim,103551225.0,Media Konsumen,"Feb 2, 2019 â€” Pembayaran Tebusan Polis #Asuransi Bumiputera 1912 - https://t.co/1nQzAptV2c #AJBBumiputera1912 #KeuanganDanPerbankanÂ ...",['Asuransi Bumiputera'],https://mobile.twitter.com/MediaKonsumenID/status/1091776212647792641,ckp-yk,Negatif,0,"Kota Yogyakarta, Daerah Istimewa Yogyakarta, Indonesia",-7.8011945,110.364917
186,minray_,7.86e+17,Media Konsumen,Klaim Selesai Kontrak #Asuransi Bumiputera Lambat dan Tidak Jelas - https://t.co/Zj6i0jItlG #AJBBumiputera1912 #PencairanDanaAsuransi | cc:Â ...,['Asuransi Bumiputera'],https://twitter.com/MediaKonsumenID/status/958004188545540097,"DKI Jakarta,Indonesia",Negatif,0,"Daerah Khusus Ibukota Jakarta, Indonesia",-6.1753942,106.827183
187,atkhls,2226044208.0,Dedi Sumantri (@Adol20989896) / X,"#ajbBumiputera1912 Istri saya ikut asuransi Bumiputera dan habis kontrak dan dapat nomor antrian 14847, yg sudah cair 36, tunggu samapi berapa puluh tahunÂ ...",['asuransi Bumiputera'],https://twitter.com/Adol20989896,"Balikpapan,KalimantanTimur",Negatif,0,"Balikpapan, Kalimantan Timur, 76128, Indonesia",-1.2398711,116.8593379
188,Muhamma89481659,1.17e+18,Maudy Asmara,"Legislator PDIP Lampung, Nurhasanah Ditetapkan Sebagai Tersangka Pengelolaan Asuransi Bumiputera https://t.co/9UlWDwINhX.",['Asuransi Bumiputera'],https://twitter.com/Mdy_Asmara1701/status/1373248246714228737,"DKI Jakarta,Indonesia",Negatif,0,"Daerah Khusus Ibukota Jakarta, Indonesia",-6.1753942,106.827183
189,putra_villadank,1.03e+18,Sebut Saja MA,"Asuransi Bumiputera Kacau, Pemegang Polis Gigit Jari https://t.co/MnnXbOUEP0 lewat @YouTube.",['Asuransi Bumiputera'],https://twitter.com/Muhamma48641303/status/1196193328762478592,Bekasi,Negatif,0,"Bekasi, Jawa Barat, 17144, Indonesia",-6.2349858,106.9945444
190,machbeach,377100794.0,doni kristanto (@donikristanto) / X,Dana dari Asuransi Bumiputera tidak cair lebih dari 1 tahun...bagaimana caranya memperjuangkan Hak kami...mohon pencerahannya pak. @ganjarpranowo.,['Asuransi Bumiputera'],https://twitter.com/donikristanto,pekanbaru,Negatif,0,"Pekanbaru, Kelurahan Sumahilang, Kabupaten Kampar, Riau, 28141, Indonesia",0.5262455,101.4515727
191,aldyofficial2,1.15e+18,Heri Purnomo (@HeriPur24069128) ...,Jangan kau hitung besar kecilnya kesalahan yg kau buat tetapi coba lihat seberapa besar DZAT yang kau tantang. Heri Purnomo Â· @HeriPur24069128.,,https://twitter.com/heripur24069128,"DKI Jakarta,Indonesia",Negatif,0,"Daerah Khusus Ibukota Jakarta, Indonesia",-6.1753942,106.827183
192,tero2_boshu,38138724.0,"Bungaran Sitanggang,SH.MH","Â·. Oct 13, 2021. Pemerintah harus aktif tangani Asuransi Bumiputera 1912. Banyak nasabah yg sdh kth tempo tidak dibayar.enyeri BUMN tolong perhatiannya.",['Asuransi Bumiputera'],https://twitter.com/bungaransitang7,"Batam,Indonesia",Negatif,0,"Batam, Kepulauan Riau, Indonesia",1.1061034,104.0378246
193,tribunkaltim,103551225.0,Ahmad Sihotang (@AhmadSihotang4) / X,"Mohon Bapak Presiden Joko Widodo, Nasabah Asuransi Bumiputera 1912 tidak dibayar Klaim kami padahal sudah habis ... Asuransi Bumiputera 1912 tolong uang rakyat.","['Asuransi Bumiputera', 'Asuransi Bumiputera']",https://twitter.com/AhmadSihotang4,"DKI Jakarta,Indonesia",Negatif,0,"Daerah Khusus Ibukota Jakarta, Indonesia",-6.1753942,106.827183
194,minray_,7.86e+17,JakartaSatu.com,JAKARTASATU.COM â€” INI adalah kisah nasabah Asuransi Bumiputera 1912 yang mana Bumiputera 1912 tidak punya niat balikan Dana Nasabahnya.,['Asuransi Bumiputera'],https://twitter.com/jakartasatu2023/status/1785464906734800901,Batulicin,Negatif,0,"Batulicin Irigasi, Kalimantan Selatan, Indonesia",-3.3116454,115.9137556
195,atkhls,2226044208.0,Akikah Jakarta (@akikahjakarta) / ...,"... No . 25, Jakarta). http://4sq.com/aUkm93. Akikah Jakarta Â· @akikahjakarta. Â·. Jun 25, 2010. Mella (@ Asuransi bumiputera tj.priok) http://4sq.com/9O7XUa.",['Asuransi bumiputera'],https://twitter.com/akikahjakarta,"DKI Jakarta,Indonesia",Netral,2,"Daerah Khusus Ibukota Jakarta, Indonesia",-6.1753942,106.827183
196,RakyatMerdeka99,7.12e+17,Bambang Suprayitno (@Bambang_Sprytno) ...,"... Bambang Suprayitno Â· @Bambang_Sprytno. Â·. Jul 11, 2013 Â· http://yourinsurancechoice.info/wp-content/uploads/2012/11/logo-asuransi-bumiputera.jpgâ€¦",['asuransi-bumiputera'],https://twitter.com/Bambang_Sprytno,"DKI Jakarta,Indonesia",Netral,2,"Daerah Khusus Ibukota Jakarta, Indonesia",-6.1753942,106.827183
197,Muhamma89481659,1.17e+18,Dolewak (@AHerawan3) / X,Menggantung Harapan Terakhir Jutaan Nasabah Asuransi Bumiputera ke DPR | https://t.co/zAcfc5UHfN https://t.co/ujdXzj1WEc lewat @merdekadotcom.,['Asuransi Bumiputera'],https://twitter.com/AHerawan3,"gowa,makassar,indonesia",Negatif,0,Gowa Sarana Indah,-5.19573395,119.4634062
198,MataMataPolitik,8.88e+17,deddy karli,"Puluhan nasabah korban gagal bayar klaim polis asuransi Bumiputera menggelar aksi di depan gedung OJK, Jakarta Selatan, Senin, 23 Mei 2022.",['asuransi Bumiputera'],https://twitter.com/deddykarli,"Pati,Indonesia",Negatif,0,"Pati, Jawa Tengah, Indonesia",-6.70695115,111.0868496
199,RakyatMerdeka99,7.12e+17,Rasyidin (@rasyidinilham) / X,"Menunggu pembayaran asuransi Bumiputera dari bulan Juli 2017,saya sudah telp call center tidak ada jawaban yang memuaskan. Mohon Bumiputera @ajb_bumiputeraÂ ...",['asuransi Bumiputera'],https://mobile.twitter.com/rasyidinilham,"Balikpapan, Indonesia",Negatif,0,"Balikpapan, Kalimantan Timur, 76128, Indonesia",-1.2398711,116.8593379
200,Muhamma89481659,1.17e+18,murni7288 - Murnipbg,"Hallo apa kabar Asuransi Bumiputera, saya selalu menunggu kabar baikmu.",['Asuransi Bumiputera'],https://twitter.com/murni7288,"DKI Jakarta,Indonesia",Negatif,0,"Daerah Khusus Ibukota Jakarta, Indonesia",-6.1753942,106.827183
201,Taufiqqurrochm7,1.1e+18,ofix_76 - Taufiq Masduqie,"Aktif di IGI Bekasi, Asuransi Jiwasraya, Asuransi Bumiputera, MI. Attaqwa 15 Babelan.",['Asuransi Bumiputera'],https://twitter.com/ofix_76,"Jakarta Pusat,DKI Jakarta",Netral,2,"Jakarta Pusat, Daerah Khusus Ibukota Jakarta, Indonesia",-6.18233995,106.8428715
202,Genpi_Co,9.67e+17,wahyupiji - UUCiptaKerjaINKONSTITUSIONAL,"... mengumpulkan seperak duaperak dan akhirnya menyetorkan ke asuransi Bumiputera tapi akhirnya duit mereka malah hilang kemakan orang"" serakah... 86.",['asuransi Bumiputera'],https://twitter.com/wahyupiji,"DKI Jakarta,Indonesia",Negatif,0,"Daerah Khusus Ibukota Jakarta, Indonesia",-6.1753942,106.827183
203,ibnupurna,207559187.0,Il Mail,Ratapan Duka Korban Asuransi Bumiputera dan KSP Indosurya | Blog Strategi + Manajemen https://strategimanajemen.net/2023/02/13/ratapan-dukaÂ ...,['Asuransi Bumiputera'],https://twitter.com/mail_sidhik/status/1626022938779729921,PuspiptekSerpong,Negatif,0,"Bumi Puspiptek Asri, BSD City, Pagedangan, Tangerang, Banten, Indonesia",-6.30019715,106.6317103
204,AcehSelatanSatu,2359120716.0,Idwan Deshira (@idwand) / X,https://m.detik.com/news/suara-pembaca/d-4174093/sudah-habis-kontrak-dana-asuransi-bumiputera-belum-dicairkanâ€¦ Perusahaan tidak punya hati nurani... KlaimÂ ...,['asuransi-bumiputera'],https://twitter.com/idwand,"Bandung,JawaBarat",Negatif,0,"Bandung, Jawa Barat, 40252, Indonesia",-6.9344694,107.6049539
205,ThenBagoess,8.09e+17,ZidneyMelan - Mee_Lan,"... Hotel Gorontalo) http://4sq.com/UjM9FM Â· Mee_Lan Â· @ZidneyMelan. Â·. Jul 16, 2014. I'm at Asuransi bumiputera (Gorontalo) http://4sq.com/1p4XjI0. Image.",['Asuransi bumiputera'],https://twitter.com/zidneymelan,"Bogor,Indonesia",Netral,2,"Bogor, Jawa Barat, 16121, Indonesia",-6.5962986,106.7972421
206,Genpi_Co,9.67e+17,Ciptania Saraswati (@Ciptania09) ...,"Tolong dong bantu jawab, cara ngeklaim asuransi bumiputera gmn yakk?? Kasihan orang tua saya sudah bolak balik kantor cabang hasil nihil, kantor tutup danÂ ...",['asuransi bumiputera'],https://twitter.com/Ciptania09,Jawa Barat,Negatif,0,"Bandung, Jawa Barat, 40252, Indonesia",-6.9344694,107.6049539
207,KontanNews,43799886.0,faiz_ind - IndonesiaJaya,"Legislator PDIP Lampung, Nurhasanah Ditetapkan Sebagai Tersangka Pengelolaan Asuransi Bumiputera ... asuransi-bumiputera/â€¦ 108. 411. 1K.","['Asuransi Bumiputera', 'asuransi-bumiputera']",https://twitter.com/faiz_ind,"DKI Jakarta,Indonesia",Negatif,0,"Daerah Khusus Ibukota Jakarta, Indonesia",-6.1753942,106.827183
208,Stefanu33053489,1.03e+18,juniari sandi (@juniarisandi) / X,"Di bantu Commentnya.... 1. juniari sandi Â· @juniarisandi. Â·. Mar 16, 2014. Kontes Foto â€œFUNWALK 102 Tahun Asuransi Bumiputera"" http://woobox.com/bmvn7g/6y418a.",['Asuransi Bumiputera'],https://twitter.com/juniarisandi,SeiPetani36MedanIndonesia,Netral,2,"Jalan Sei Petani, D A R A T, Padang Bulan, Medan Baru, Kota Medan, Sumatera Utara, 20122, Indonesia",3.5761838,98.659141
209,flowielilly,1427050592.0,oteez,"Adakah yang nasabah asuransi bumiputera disini ? Sepi pemberitaannya padahal sedang colaps. Di janjikan dalam waktu 6 bulan di kembalikan,Â ...",['asuransi bumiputera'],https://twitter.com/edod2828/status/1138259790314893313,"DKI Jakarta,Indonesia",Negatif,0,"Daerah Khusus Ibukota Jakarta, Indonesia",-6.1753942,106.827183
210,marfaumi,277309562.0,riski prasojo (@riskiprasojo) / X,"... @riskiprasojo Â· http://m.detik.com/finance/read/2013/09/30/163236/2373471/5/ojk-asuransi-bumiputera-tengah-bermasalah-perlu-perbaikan-segeraâ€¦""we'll wait n see.",['asuransi-bumiputera'],https://twitter.com/riskiprasojo,"DKI Jakarta,Indonesia",Netral,2,"Daerah Khusus Ibukota Jakarta, Indonesia",-6.1753942,106.827183
211,jabarjuaranews,2214258534.0,Heru P. Utomo ï£¿ (@Heru_P_Utomo) / ...,... saya di Asuransi Bumiputera. Krn dana tsb sangat dibutuhkan utk pembiayaan anak saya yang akan melanjutkan ke jenjang selanjutnya. Terima kasih. 1.,['Asuransi Bumiputera'],https://twitter.com/Heru_P_Utomo,"DKI Jakarta,Indonesia",Negatif,0,"Daerah Khusus Ibukota Jakarta, Indonesia",-6.1753942,106.827183
212,elshinta_smg,7.76e+17,Maulana Yusuf (@MaullanaYusuf) / X,"Asuransi Bumiputera udah, sekarang Asuransi Jiwasraya yg butuh bailout. Masalahnya sama, mismanagement.",['Asuransi Bumiputera'],https://twitter.com/maullanayusuf,"JawaTengah,Indonesia",Negatif,0,"Jawa Tengah, Indonesia",-5.6259648,110.371649
213,id_laundry,1.16e+18,irvan rahardjo,"SEGERA TERBIT : ROBOHNYA ASURANSI KAMI- Pemailitan Kresna Life ( xvi + 294 hal , IPB Press , 2021 ) Sambutan Ketua @BPKN_RI RI",,,"KotaSurabaya,JawaTimur",Netral,2,"Taman Balai Kota Surabaya, RW 05, Genteng, Ketabang, Genteng, Surabaya, Jawa Timur, 60272, Indonesia",-7.2600876,112.7468261
214,HADI_GAM76,53261440.0,Kompas.com,"Langkah Banding OJK Hadapi Putusan Pembatalan Pencabutan Izin Usaha Kresna Life. From money.kompas.com Â· 1:41 AM Â· Mar 5, 2024. Â·. 861. Views. 1.",['Kresna Life'],https://twitter.com/kompascom/status/1764828462572052542,"DKI Jakarta,Indonesia",Netral,2,"Daerah Khusus Ibukota Jakarta, Indonesia",-6.1753942,106.827183
215,fathoonn,1.16e+18,kakangnu - mangnu,"Michael Steven Menang Lawan OJK di PTUN, CIU Kresna Life Batal https ... Michael Steven Menang Lawan OJK di PTUN, CIU Kresna Life Batal. From investor.id. 1.","['Kresna Life', 'Kresna Life']",https://twitter.com/kakangnu,"DKI Jakarta,Indonesia",Netral,2,"Daerah Khusus Ibukota Jakarta, Indonesia",-6.1753942,106.827183
216,aindraku,166261604.0,irvan rahardjo,WEBINAR & Peluncuran Buku ROBOHNYA ASURANSI KAMI Pemailitan Kresna Life Penulis Irvan Rahardjo Kata Pengantar Prof.,['Kresna Life'],https://twitter.com/irvanrahardjo/status/1430724151107411969,Palangkaraya,Netral,2,"Palangka Raya, Kalimantan Tengah, 73112, Indonesia",-2.2072919,113.9164372
217,KompasData,771030588.0,Kabinet KM ITB,"[Asuransi Bumiputera Muda] Asuransi setiap mahasiswa ITB! Info lengkap-> datangi loket beasiswa LK,Basement CC Barat.",['Asuransi Bumiputera'],https://twitter.com/KM_ITB/status/730400121624494082,"Palmerah,Jakarta",Netral,2,"Palmerah, Jakarta Barat, Daerah Khusus Ibukota Jakarta, Indonesia",-6.1910017,106.7943633
218,akubisalah,450371998.0,Emiyati (@9547bbf363e642e) / X,"Â·. Mar 21, 2015. My love... Image. 1. Emiyati Â· @9547bbf363e642e. Â·. Mar 19, 2015. Selamat & Sukses..Asuransi Bumiputera mendapatkan Customer Royalty Award 2015.",['Asuransi Bumiputera'],https://twitter.com/9547bbf363e642e,"Jakarta Pusat,DKI Jakarta",Netral,2,"Jakarta Pusat, Daerah Khusus Ibukota Jakarta, Indonesia",-6.18233995,106.8428715
219,tero2_boshu,38138724.0,Akikah Jakarta,"Jun 25, 2010 â€” Mella (@ Asuransi bumiputera tj.priok) http://4sq.com/9O7XUa.",['Asuransi bumiputera'],https://mobile.twitter.com/akikahjakarta/status/16982649858,"DKI Jakarta,Indonesia",Netral,2,"Daerah Khusus Ibukota Jakarta, Indonesia",-6.1753942,106.827183
220,atkhls,2226044208.0,Akikah Jakarta (@akikahjakarta) / ...,"... No . 25, Jakarta). http://4sq.com/aUkm93. Akikah Jakarta Â· @akikahjakarta. Â·. Jun 25, 2010. Mella (@ Asuransi bumiputera tj.priok) http://4sq.com/9O7XUa.",['Asuransi bumiputera'],https://twitter.com/akikahjakarta,"DKI Jakarta,Indonesia",Netral,2,"Daerah Khusus Ibukota Jakarta, Indonesia",-6.1753942,106.827183
221,RakyatMerdeka99,7.12e+17,Bambang Suprayitno (@Bambang_Sprytno) ...,"... Bambang Suprayitno Â· @Bambang_Sprytno. Â·. Jul 11, 2013 Â· http://yourinsurancechoice.info/wp-content/uploads/2012/11/logo-asuransi-bumiputera.jpgâ€¦",['asuransi-bumiputera'],https://twitter.com/Bambang_Sprytno,"DKI Jakarta,Indonesia",Netral,2,"Daerah Khusus Ibukota Jakarta, Indonesia",-6.1753942,106.827183
222,Taufiqqurrochm7,1.1e+18,ofix_76 - Taufiq Masduqie,"Aktif di IGI Bekasi, Asuransi Jiwasraya, Asuransi Bumiputera, MI. Attaqwa 15 Babelan.",['Asuransi Bumiputera'],https://twitter.com/ofix_76,"Jakarta Pusat,DKI Jakarta",Netral,2,"Jakarta Pusat, Daerah Khusus Ibukota Jakarta, Indonesia",-6.18233995,106.8428715
223,ThenBagoess,8.09e+17,ZidneyMelan - Mee_Lan,"... Hotel Gorontalo) http://4sq.com/UjM9FM Â· Mee_Lan Â· @ZidneyMelan. Â·. Jul 16, 2014. I'm at Asuransi bumiputera (Gorontalo) http://4sq.com/1p4XjI0. Image.",['Asuransi bumiputera'],https://twitter.com/zidneymelan,"Bogor,Indonesia",Netral,2,"Bogor, Jawa Barat, 16121, Indonesia",-6.5962986,106.7972421
224,Stefanu33053489,1.03e+18,juniari sandi (@juniarisandi) / X,"Di bantu Commentnya.... 1. juniari sandi Â· @juniarisandi. Â·. Mar 16, 2014. Kontes Foto â€œFUNWALK 102 Tahun Asuransi Bumiputera"" http://woobox.com/bmvn7g/6y418a.",['Asuransi Bumiputera'],https://twitter.com/juniarisandi,SeiPetani36MedanIndonesia,Netral,2,"Jalan Sei Petani, D A R A T, Padang Bulan, Medan Baru, Kota Medan, Sumatera Utara, 20122, Indonesia",3.5761838,98.659141
225,marfaumi,277309562.0,riski prasojo (@riskiprasojo) / X,"... @riskiprasojo Â· http://m.detik.com/finance/read/2013/09/30/163236/2373471/5/ojk-asuransi-bumiputera-tengah-bermasalah-perlu-perbaikan-segeraâ€¦""we'll wait n see.",['asuransi-bumiputera'],https://twitter.com/riskiprasojo,"DKI Jakarta,Indonesia",Netral,2,"Daerah Khusus Ibukota Jakarta, Indonesia",-6.1753942,106.827183
226,KompasData,771030588.0,Pemegang Polis Griya Makmur Wanaartha Life dapat ...,"Pemegang Polis Griya Makmur Wanaartha Life dapat Tanah dan Bangunan, Cek Syaratnya https://t.co/OYHFBFw0le.",['Wanaartha Life'],https://twitter.com/Bisniscom/status/1747491324587352231,"Palmerah,Jakarta",Positif,1,"Palmerah, Jakarta Barat, Daerah Khusus Ibukota Jakarta, Indonesia",-6.1910017,106.7943633
227,itechcourse,7.16e+17,Begini Kabar Terbaru Pembayaran Polis Korban Asuransi ...,Tim Likuidasi PT Asuransi Jiwa Adisarana Wanaartha (Wanaartha Life) mengundang pemegang polis (pempol) untuk membahas tata cara pembayaranÂ ...,['Wanaartha Life'],https://twitter.com/cnbcindonesia/status/1751809222541763051,"KotaMetro,Lampung",Positif,1,"Alun-alun Kota Metro, Metro, Lampung, Indonesia",-5.11471345,105.3083226
228,Muhammad_RM16,602755138.0,OJK Minta DPO Kasus Wanaartha Life Evelina Pietruschka ...,OJK Minta DPO Kasus Wanaartha Life Evelina Pietruschka Balik ke Indonesia https://t.co/KyV4eS6HYC.,['Wanaartha Life'],https://twitter.com/Bisniscom/status/1760713212901871982,"Banten,Indonesia",Positif,1,"Banten, Indonesia",-6.47800285,105.5410285
229,raya_1117,4761293701.0,Tim Likuidasi Wanaartha Life Siap Cairkan Aset Investasi ...,Tim Likuidasi Wanaartha Life Siap Cairkan Aset Investasi Obligasi https://t.co/sOtIIvkfCl.,['Wanaartha Life'],https://twitter.com/Bisniscom/status/1755422722359001445,"Makassar,Indonesia",Positif,1,"Makassar ????, Galesong Selatan, Sulawesi Selatan, 90115, Indonesia",-5.1342962,119.4124282
230,sirodjudin01,7.51e+17,Lyn (@Lolypop502) / X,Tim Likuidasi Wanaartha Life Siap Cairkan Aset Investasi Obligasi https://t.co/sOtIIvkfCl.,['Wanaartha Life'],https://twitter.com/Lolypop502,"Banjarnegara,Indonesia",Positif,1,"Banjarnegara, Jawa Tengah, Indonesia",-7.3558733,109.6600728
231,SiNiel1,1.03e+18,Ini Kabar Terbaru Asuransi Bermasalah Kresna Life & ...,OJK telah memberi sanksi Pencabutan Izin Usaha (CIU) ke PT Asuransi Jiwa Adisarana Wanaartha (Wanaartha Life) dan PT Asuransi Jiwa Kresna (Â ...,['Wanaartha Life'],https://twitter.com/cnbcindonesia/status/1719986437133943099,Kalimantan Barat,Positif,1,"Kalimantan Barat, Indonesia",-0.1322387,111.0968901
232,BappenasRI,235021856.0,Investor Daily,"Aspan dan Prolife belum sampai tahap pembayaran klaim, sedangkan Wanaartha Life sudah melalui pembayaran klaim tahap 1.",['Wanaartha Life'],https://twitter.com/InvestorID/status/1765697048500957545,www.bappenas.go.id,Positif,1,"Menteng, Jakarta Pusat, Daerah Khusus Ibukota Jakarta, Indonesia",-6.1950265,106.8322242
233,itechcourse,7.16e+17,"Peringatan Kesekian, Buron Asuransi Wanaartha Diminta ...",Otoritas Jasa Keuangan (OJK) terus mengawal proses likuidasi dua perusahaan asuransi gagal bayar PT Asuransi Adisarana Wanaartha (Wanaartha Life)Â ...,['Wanaartha Life'],https://twitter.com/cnbcindonesia/status/1760262016428601541,"KotaMetro,Lampung",Positif,1,"Alun-alun Kota Metro, Metro, Lampung, Indonesia",-5.11471345,105.3083226
234,Gunarto55122771,1.1e+18,Voidotid,Manajemen PT Asuransi Jiwa Adisarana Wanaartha (WanaArtha Life) memastikan akan mengutamakan kepentingan nasabah atau pemegang polis.,['WanaArtha Life'],https://twitter.com/voidotid/status/1517652983491665920,"Makassar,Indonesia",Positif,1,"Makassar ????, Galesong Selatan, Sulawesi Selatan, 90115, Indonesia",-5.1342962,119.4124282
235,DamaiNegeriku1,1.14e+18,Chanra (@Chanra25111696) / X,Otoritas Jasa Keuangan (OJK) terus mengawal proses likuidasi dua perusahaan asuransi gagal bayar PT Asuransi Adisarana Wanaartha (Wanaartha Life). 2. 2.,['Wanaartha Life'],https://twitter.com/Chanra25111696,"Jakarta Pusat,DKI Jakarta",Positif,1,"Jakarta Pusat, Daerah Khusus Ibukota Jakarta, Indonesia",-6.18233995,106.8428715
236,KompasData,771030588.0,Robert ST (@RobertS24601054) / X,"Tak Hanya Blokir dan Sita Aset, Polisi Juga Jemput Paksa Tersangka Wanaartha Life di Luar Negeri -... From m.tribunnews.com.",['Wanaartha Life'],https://twitter.com/RobertS24601054,"DKI Jakarta,Indonesia",Positif,1,"Daerah Khusus Ibukota Jakarta, Indonesia",-6.1753942,106.827183
237,renandabachtar,74103498.0,Mutie Septianingsih,"""Silaturahim.."" WanaArtha Life terima kasih Pak nasihatnya, berkah kita semua @haikal_hassan @haikalbaras.",['WanaArtha Life'],https://twitter.com/MutieHaryanto/status/758601934320246785,"Balikpapan,Indonesia",Positif,1,"Balikpapan, Kalimantan Timur, 76128, Indonesia",-1.2398711,116.8593379
238,balitbanghub151,3610194613.0,Mutie Septianingsih (@MutieHaryanto) / X,"... @MutieHaryanto. Â·. Jul 28, 2016. ""Silaturahim.."" WanaArtha Life terima kasih Pak nasihatnya, berkah kita semua. @haikal_hassan. @haikalbaras. Image.",['WanaArtha Life'],https://twitter.com/MutieHaryanto,"DKI Jakarta,Indonesia",Positif,1,"Daerah Khusus Ibukota Jakarta, Indonesia",-6.1753942,106.827183
239,sugengwahyudi03,85757826.0,Teenu C Jiriadana,"Terima kasih kepada Pak Yanes Y. Matulatuwa (President Director WanaArtha Life), Ibu Mitzi Ranti, Ibu Ellusi, dan Ibu Yenny.",['WanaArtha Life'],https://twitter.com/teenuchandra/status/911475770274361346,"DKI Jakarta,Indonesia",Positif,1,"Daerah Khusus Ibukota Jakarta, Indonesia",-6.1753942,106.827183
240,notbuzzer,158278197.0,OJK Minta Pengendali dan Direksi Kresna Life Ganti Rugi ...,OJK Minta Pengendali dan Direksi Kresna Life Ganti Rugi Pemegang Polis https://t.co/8M4n6Llwqr.,['Kresna Life'],https://twitter.com/KATADATAcoid/status/1672242493742788608,"DKI Jakarta,Indonesia",Positif,1,"Daerah Khusus Ibukota Jakarta, Indonesia",-6.1753942,106.827183
241,indozonemedia,350668803.0,Investor Daily,"Bagi nasabah, putusan PTUN yang mengabulkan pembatalan CIU Kresna Life adalah kesempatan terakhir bagi Grup Kresna. https://t.co/4rfRwcDbObÂ ...",['Kresna Life'],https://twitter.com/InvestorID/status/1761914613313286151,"DKI Jakarta,Indonesia",Positif,1,"Daerah Khusus Ibukota Jakarta, Indonesia",-6.1753942,106.827183
242,IpungLombok,86233947.0,Kresna Life Insurance,Kresna Life Insurance Â· @KresnaLifeID. 18 Juli 2019 - Investor Daily memberikan penghargaan kepada PT Asuransi Jiwa sebagai Asuransi TerbaikÂ ...,['Kresna Life'],https://twitter.com/KresnaLifeID/status/1152142415634976768,"DKI Jakarta,Indonesia",Positif,1,"Daerah Khusus Ibukota Jakarta, Indonesia",-6.1753942,106.827183
243,SupyandiH,1.16e+18,Kresna Life Insurance,"Kresna Life Insurance Â· @KresnaLifeID. Segenap Jajaran Direksi, Komisaris dan karyawan PT Asuransi Jiwa Kresna turut berduka cita atasÂ ...",['Kresna Life'],https://twitter.com/KresnaLifeID/status/1172002363336359936,"Malang,JAWATIMUR,INDONESIA",Positif,1,"Malang, Jawa Timur, Indonesia",-8.10479815,112.6879872
244,yusufammar_w,576755999.0,Kresna Life Insurance,Conversation. Kresna Life Insurance Â· @KresnaLifeID. Selamat Natal 2019 Semoga bahagia dan damai sejahtera selalu menyertai. Translate post.,['Kresna Life'],https://twitter.com/KresnaLifeID/status/1209674830766690304,"Kalimantan Tengah, Indonesia",Positif,1,"Kalimantan Tengah, Indonesia",-1.499583,113.2903307
245,Ar_rum,62500965.0,"Perbaiki Rasio Solvabilitas, OJK Tetap Minta Kresna Life ...","Perbaiki Rasio Solvabilitas, OJK Tetap Minta Kresna Life Tambah Modal https://t.co/6AsfMHOvI5.",['Kresna Life'],https://mobile.twitter.com/KompasEkonomi/status/1626206273896353796,"Lampung,Indonesia",Positif,1,"Lampung, Indonesia",-4.8555039,105.0272986
246,NephiLaxmus,62764588.0,Subur Jaya Abadi Permai (@PermaiSubur) ...,"Subur Jaya Abadi Permai reposted Â· Indonesia Raya Â· @Indones20366386. Â·. Nov 4, 2022 Â· OJK Beri Sanksi buat WanaArtha dan Kresna Life! From finance.detik.com. 1.",['Kresna Life'],https://twitter.com/PermaiSubur,Depok??Bandung,Positif,1,"Depok, Jawa Barat, 16439, Indonesia",-6.4074657,106.8138131
247,refanardhy,1.1e+18,Kresna Life Insurance,Kresna Life Insurance Â· @KresnaLifeID. Selamat mengawali langkah untuk membawa Indonesia lebih maju Bpk. @jokowi. dan Bpk. @kyai_marufamin.,['Kresna Life'],https://twitter.com/KresnaLifeID/status/1186221719482032128,Jl.RayaKebayoranLamaNo.72,Positif,1,Kebayoran Lama,-6.243886,106.7798594
248,Ikhlas_fathur,1030709318.0,OJK Perintahkan Asuransi Bumiputera 1912 Penuhi Aturan ...,OJK Perintahkan Asuransi Bumiputera 1912 Penuhi Aturan Modal Rp250 Miliar pada 2026 https://t.co/SWtU3KARAY.,['Asuransi Bumiputera'],https://twitter.com/Bisniscom/status/1790169549037564227,"DKI Jakarta,Indonesia",Positif,1,"Daerah Khusus Ibukota Jakarta, Indonesia",-6.1753942,106.827183
249,Ikhlas_fathur,1030709318.0,OJK Perintahkan Asuransi Bumiputera 1912 Penuhi Aturan ...,OJK Perintahkan Asuransi Bumiputera 1912 Penuhi Aturan Modal Rp250 Miliar Saat Ekuitas Minus Rp4 Triliun https://t.co/qKbVs1uEta.,['Asuransi Bumiputera'],https://twitter.com/Bisniscom/status/1790176089656168952,Aceh.Indonesia????,Positif,1,"Aceh, Indonesia",4.3685491,97.0253024
