position;title;snippet;highlighs;link;displayed_link;sitelinks
0;OJK Perintahkan Asuransi Bumiputera 1912 Penuhi Aturan ...;OJK Perintahkan Asuransi Bumiputera 1912 Penuhi Aturan Modal Rp250 Miliar pada 2026 https://t.co/SWtU3KARAY.;['Asuransi Bumiputera'];https://twitter.com/Bisniscom/status/1790169549037564227;https://twitter.com › Bisniscom › status;
1;OJK Perintahkan Asuransi Bumiputera 1912 Penuhi Aturan ...;OJK Perintahkan Asuransi Bumiputera 1912 Penuhi Aturan Modal Rp250 Miliar Saat Ekuitas Minus Rp4 Triliun https://t.co/qKbVs1uEta.;['Asuransi Bumiputera'];https://twitter.com/Bisniscom/status/1790176089656168952;https://twitter.com › Bisniscom › status;
2;Sistem Klaim Asuransi Bumiputera 1912 Mati 6 Bulan? ...;Sistem Klaim Asuransi Bumiputera 1912 Mati 6 Bulan? Manajemen Buka Suara https://t.co/XhKfJJvQsz.;['Asuransi Bumiputera'];https://twitter.com/Bisniscom/status/1740290271903129903;https://twitter.com › Bisniscom › status;
3;"""Dari lama kami ingin bahas Asuransi Bumiputera tapi ...";Dari lama kami ingin bahas Asuransi Bumiputera tapi bingung siapa yg harus disalahkan? BUMN bukan Perseroan swasta pun bukan.;['Asuransi Bumiputera'];https://twitter.com/PartaiSocmed/status/1670633732842348545;https://twitter.com › PartaiSocmed › status;
4;convomfs;di sini ada yg korban asuransi bumiputera ngga ya? Kira-kira prosedur buat pengembalian polis gmn ya alurnya, soalnya uang buat kuliah ...;['asuransi bumiputera'];https://twitter.com/convomfs/status/1755492434325508306;https://twitter.com › convomfs › status;
5;Kabinet KM ITB;[Asuransi Bumiputera Muda] Asuransi setiap mahasiswa ITB! Info lengkap-> datangi loket beasiswa LK,Basement CC Barat.;['Asuransi Bumiputera'];https://twitter.com/KM_ITB/status/730400121624494082;https://twitter.com › KM_ITB › status;
6;Tak Satu Pun Aset Properti AJB Bumiputera Terjual, Uang ...;OJK menyatakan belum terdapat properti milik asuransi Bumiputera yang terjual, padahal diharapkan bisa menjadi sumber dana untuk pembayaran ...;['asuransi Bumiputera'];https://twitter.com/Bisniscom/status/1732000139391475803;https://twitter.com › Bisniscom › status;
7;Bos Uya Kuya (@Bos_UyaKuya) / ...;Dari lama kami ingin bahas Asuransi Bumiputera tapi bingung siapa yg harus disalahkan? BUMN bukan Perseroan swasta pun bukan. Ada yg bisa bantu menjelaskan ...;['Asuransi Bumiputera'];https://twitter.com/Bos_UyaKuya;https://twitter.com › Bos_UyaKuya;
8;Strategi + Bisnis;Feb 17, 2023 — Ratapan Duka Korban Asuransi Bumiputera dan KSP Indosurya | Blog Strategi + Manajemen https://t.co/PIBOqc37ab.;['Asuransi Bumiputera'];https://twitter.com/Strategi_Bisnis/status/1626569362336534534;https://twitter.com › status;{'inline': [{'title': 'Translate this page', 'link': 'https://translate.google.com/translate?hl=en&sl=id&u=https://twitter.com/Strategi_Bisnis/status/1626569362336534534&prev=search&pto=aue'}]}
9;kontan news;Nov 12, 2019 — Kawal pembayaran premi yang telat, SP Asuransi Bumiputera minta maaf https://t.co/hBdxgJWcgm #Asuransi.;['Asuransi Bumiputera'];https://mobile.twitter.com/KontanNews/status/1194306374592679936;https://mobile.twitter.com › status;{'inline': [{'title': 'Translate this page', 'link': 'https://translate.google.com/translate?hl=en&sl=id&u=https://mobile.twitter.com/KontanNews/status/1194306374592679936&prev=search&pto=aue'}]}
10;Isyrt (@record_isyrt) / X;Mohon kami (nasabah korban Asuransi Bumiputera) dibantu Bapak Presiden. @jokowi . Anak-anak kami yg mau daftar sekolah, kuliah, butuh biaya. Terimakasih ...;['Asuransi Bumiputera'];https://twitter.com/record_isyrt;https://twitter.com › record_isyrt;
11;dia (@sIythwerin) / X;38 · dia · @sIythwerin. ·. Mar 5. bau enak apa ini malem-malem, kaya bau martabak. 42 · dia · @sIythwerin. ·. Mar 5. sp korban asuransi bumiputera? ☝  . Quote.;['asuransi bumiputera'];https://twitter.com/siythwerin;https://twitter.com › siythwerin;
12;Andreas Peter CK (@peter_andreasCK) / ...;... | Blog Strategi + Manajemen. Ratapan Duka Korban Asuransi Bumiputera dan KSP Indosurya - Blog Strategi + Manajemen. From strategimanajemen.net. 4. 17. 27.;['Asuransi Bumiputera'];https://twitter.com/peter_andreasCK;https://twitter.com › peter_andreasCK;
13;mikir duit;Nov 1, 2023 — Buat kamu yang jadi korban asuransi Bumiputera, Jiwasraya, Wanartha life, dan Kresna life. Cek updatenya di sini.;['asuransi Bumiputera'];https://twitter.com/Mikirduitcom/status/1719621493653647737;https://twitter.com › status;{'inline': [{'title': 'Translate this page', 'link': 'https://translate.google.com/translate?hl=en&sl=id&u=https://twitter.com/Mikirduitcom/status/1719621493653647737&prev=search&pto=aue'}]}
14;Sebut Saja MA (@Muhamma48641303) ...;Asuransi Bumiputera Kacau, Pemegang Polis Gigit Jari https://youtu.be/knES61iho5Q lewat. @YouTube · youtube.com. Asuransi Bumiputera Kacau, Pemegang Polis Gigit ...;['Asuransi Bumiputera', 'Asuransi Bumiputera'];https://twitter.com/Muhamma48641303;https://twitter.com › Muhamma48641303;
15;tempo.co;Para nasabah yang berdemo mengaku sangat membutuhkan pencairan klaim dana asuransi Bumiputera, terlebih di saat sulit seperti saat ini. 12 ...;['asuransi Bumiputera'];https://mobile.twitter.com/tempodotco/status/1364549273279369216;https://mobile.twitter.com › tempodotco › status;
16;suhriyah - sawaludin RL;Asuransi Bumiputera abaikan biaya pendidikan anak kami. Sampai sekarang Bumiputera belum membayar klaim kami yang seharusnya Jan 2020 dibayar.@menteri_keuangan.;['Asuransi Bumiputera'];https://twitter.com/suhriyah;https://twitter.com › suhriyah;
17;Emiyati (@9547bbf363e642e) / X;·. Mar 21, 2015. My love... Image. 1. Emiyati · @9547bbf363e642e. ·. Mar 19, 2015. Selamat & Sukses..Asuransi Bumiputera mendapatkan Customer Royalty Award 2015.;['Asuransi Bumiputera'];https://twitter.com/9547bbf363e642e;https://twitter.com › ...;
18;Giq (@ekogiq) / X;Legislator PDIP Lampung, Nurhasanah Ditetapkan Sebagai Tersangka Pengelolaan Asuransi Bumiputera ... asuransi-bumiputera/… 108. 411. 1K.;['Asuransi Bumiputera', 'asuransi-bumiputera'];https://twitter.com/ekogiq;https://twitter.com › ekogiq;
19;Akikah Jakarta;Jun 25, 2010 — Mella (@ Asuransi bumiputera tj.priok) http://4sq.com/9O7XUa.;['Asuransi bumiputera'];https://mobile.twitter.com/akikahjakarta/status/16982649858;https://mobile.twitter.com › akikahjakarta › status;
20;Bungaran Sitanggang (@bungaran_bsa) / X;Adakah rasa kemanusiaan Menteri BUMN dan OJK? Sadarkan Asuransi Bumiputera 1912 telah merugikan banyak masyarakat ? Pertanggungan asuransi banyak yang sudah ...;['Asuransi Bumiputera'];https://twitter.com/bungaran_bsa;https://twitter.com › bungaran_bsa;
21;Media Konsumen;Feb 2, 2019 — Pembayaran Tebusan Polis #Asuransi Bumiputera 1912 - https://t.co/1nQzAptV2c #AJBBumiputera1912 #KeuanganDanPerbankan ...;['Asuransi Bumiputera'];https://mobile.twitter.com/MediaKonsumenID/status/1091776212647792641;https://mobile.twitter.com › status;{'inline': [{'title': 'Translate this page', 'link': 'https://translate.google.com/translate?hl=en&sl=id&u=https://mobile.twitter.com/MediaKonsumenID/status/1091776212647792641&prev=search&pto=aue'}]}
22;Media Konsumen;Klaim Selesai Kontrak #Asuransi Bumiputera Lambat dan Tidak Jelas - https://t.co/Zj6i0jItlG #AJBBumiputera1912 #PencairanDanaAsuransi | cc: ...;['Asuransi Bumiputera'];https://twitter.com/MediaKonsumenID/status/958004188545540097;https://twitter.com › MediaKonsumenID › status;
23;Dedi Sumantri (@Adol20989896) / X;#ajbBumiputera1912 Istri saya ikut asuransi Bumiputera dan habis kontrak dan dapat nomor antrian 14847, yg sudah cair 36, tunggu samapi berapa puluh tahun ...;['asuransi Bumiputera'];https://twitter.com/Adol20989896;https://twitter.com › Adol20989896;
24;Maudy Asmara;Legislator PDIP Lampung, Nurhasanah Ditetapkan Sebagai Tersangka Pengelolaan Asuransi Bumiputera https://t.co/9UlWDwINhX.;['Asuransi Bumiputera'];https://twitter.com/Mdy_Asmara1701/status/1373248246714228737;https://twitter.com › Mdy_Asmara1701 › status;
25;Sebut Saja MA;Asuransi Bumiputera Kacau, Pemegang Polis Gigit Jari https://t.co/MnnXbOUEP0 lewat @YouTube.;['Asuransi Bumiputera'];https://twitter.com/Muhamma48641303/status/1196193328762478592;https://twitter.com › Muhamma48641303 › status;
26;doni kristanto (@donikristanto) / X;Dana dari Asuransi Bumiputera tidak cair lebih dari 1 tahun...bagaimana caranya memperjuangkan Hak kami...mohon pencerahannya pak. @ganjarpranowo.;['Asuransi Bumiputera'];https://twitter.com/donikristanto;https://twitter.com › donikristanto;
27;Heri Purnomo (@HeriPur24069128) ...;Jangan kau hitung besar kecilnya kesalahan yg kau buat tetapi coba lihat seberapa besar DZAT yang kau tantang. Heri Purnomo · @HeriPur24069128.;;https://twitter.com/heripur24069128;https://twitter.com › heripur24069128;
28;Bungaran Sitanggang,SH.MH;·. Oct 13, 2021. Pemerintah harus aktif tangani Asuransi Bumiputera 1912. Banyak nasabah yg sdh kth tempo tidak dibayar.enyeri BUMN tolong perhatiannya.;['Asuransi Bumiputera'];https://twitter.com/bungaransitang7;https://twitter.com › bungaransitang7;
29;Ahmad Sihotang (@AhmadSihotang4) / X;Mohon Bapak Presiden Joko Widodo, Nasabah Asuransi Bumiputera 1912 tidak dibayar Klaim kami padahal sudah habis ... Asuransi Bumiputera 1912 tolong uang rakyat.;['Asuransi Bumiputera', 'Asuransi Bumiputera'];https://twitter.com/AhmadSihotang4;https://twitter.com › AhmadSihotang4;
30;JakartaSatu.com;JAKARTASATU.COM — INI adalah kisah nasabah Asuransi Bumiputera 1912 yang mana Bumiputera 1912 tidak punya niat balikan Dana Nasabahnya.;['Asuransi Bumiputera'];https://twitter.com/jakartasatu2023/status/1785464906734800901;https://twitter.com › jakartasatu2023 › status;
31;Akikah Jakarta (@akikahjakarta) / ...;... No . 25, Jakarta). http://4sq.com/aUkm93. Akikah Jakarta · @akikahjakarta. ·. Jun 25, 2010. Mella (@ Asuransi bumiputera tj.priok) http://4sq.com/9O7XUa.;['Asuransi bumiputera'];https://twitter.com/akikahjakarta;https://twitter.com › akikahjakarta;
32;Bambang Suprayitno (@Bambang_Sprytno) ...;... Bambang Suprayitno · @Bambang_Sprytno. ·. Jul 11, 2013 · http://yourinsurancechoice.info/wp-content/uploads/2012/11/logo-asuransi-bumiputera.jpg…;['asuransi-bumiputera'];https://twitter.com/Bambang_Sprytno;https://twitter.com › Bambang_Sprytno;
33;Dolewak (@AHerawan3) / X;Menggantung Harapan Terakhir Jutaan Nasabah Asuransi Bumiputera ke DPR | https://t.co/zAcfc5UHfN https://t.co/ujdXzj1WEc lewat @merdekadotcom.;['Asuransi Bumiputera'];https://twitter.com/AHerawan3;https://twitter.com › AHerawan3;
34;deddy karli;Puluhan nasabah korban gagal bayar klaim polis asuransi Bumiputera menggelar aksi di depan gedung OJK, Jakarta Selatan, Senin, 23 Mei 2022.;['asuransi Bumiputera'];https://twitter.com/deddykarli;https://twitter.com › deddykarli;
35;Rasyidin (@rasyidinilham) / X;Menunggu pembayaran asuransi Bumiputera dari bulan Juli 2017,saya sudah telp call center tidak ada jawaban yang memuaskan. Mohon Bumiputera @ajb_bumiputera ...;['asuransi Bumiputera'];https://mobile.twitter.com/rasyidinilham;https://mobile.twitter.com › rasyidinilham;
36;murni7288 - Murnipbg;Hallo apa kabar Asuransi Bumiputera, saya selalu menunggu kabar baikmu.;['Asuransi Bumiputera'];https://twitter.com/murni7288;https://twitter.com › murni7288;
37;ofix_76 - Taufiq Masduqie;Aktif di IGI Bekasi, Asuransi Jiwasraya, Asuransi Bumiputera, MI. Attaqwa 15 Babelan.;['Asuransi Bumiputera'];https://twitter.com/ofix_76;https://twitter.com › ofix_76;
38;wahyupiji - UUCiptaKerjaINKONSTITUSIONAL;"... mengumpulkan seperak duaperak dan akhirnya menyetorkan ke asuransi Bumiputera tapi akhirnya duit mereka malah hilang kemakan orang"" serakah... 86.";['asuransi Bumiputera'];https://twitter.com/wahyupiji;https://twitter.com › wahyupiji;
39;Il Mail;Ratapan Duka Korban Asuransi Bumiputera dan KSP Indosurya | Blog Strategi + Manajemen https://strategimanajemen.net/2023/02/13/ratapan-duka ...;['Asuransi Bumiputera'];https://twitter.com/mail_sidhik/status/1626022938779729921;https://twitter.com › mail_sidhik › status;
40;Idwan Deshira (@idwand) / X;https://m.detik.com/news/suara-pembaca/d-4174093/sudah-habis-kontrak-dana-asuransi-bumiputera-belum-dicairkan… Perusahaan tidak punya hati nurani... Klaim ...;['asuransi-bumiputera'];https://twitter.com/idwand;https://twitter.com › idwand;
41;ZidneyMelan - Mee_Lan;... Hotel Gorontalo) http://4sq.com/UjM9FM · Mee_Lan · @ZidneyMelan. ·. Jul 16, 2014. I'm at Asuransi bumiputera (Gorontalo) http://4sq.com/1p4XjI0. Image.;['Asuransi bumiputera'];https://twitter.com/zidneymelan;https://twitter.com › zidneymelan;
42;Ciptania Saraswati (@Ciptania09) ...;Tolong dong bantu jawab, cara ngeklaim asuransi bumiputera gmn yakk?? Kasihan orang tua saya sudah bolak balik kantor cabang hasil nihil, kantor tutup dan ...;['asuransi bumiputera'];https://twitter.com/Ciptania09;https://twitter.com › Ciptania09;
43;faiz_ind - IndonesiaJaya;Legislator PDIP Lampung, Nurhasanah Ditetapkan Sebagai Tersangka Pengelolaan Asuransi Bumiputera ... asuransi-bumiputera/… 108. 411. 1K.;['Asuransi Bumiputera', 'asuransi-bumiputera'];https://twitter.com/faiz_ind;https://twitter.com › faiz_ind;
44;juniari sandi (@juniarisandi) / X;"Di bantu Commentnya.... 1. juniari sandi · @juniarisandi. ·. Mar 16, 2014. Kontes Foto “FUNWALK 102 Tahun Asuransi Bumiputera"" http://woobox.com/bmvn7g/6y418a.";['Asuransi Bumiputera'];https://twitter.com/juniarisandi;https://twitter.com › juniarisandi;
45;oteez;Adakah yang nasabah asuransi bumiputera disini ? Sepi pemberitaannya padahal sedang colaps. Di janjikan dalam waktu 6 bulan di kembalikan, ...;['asuransi bumiputera'];https://twitter.com/edod2828/status/1138259790314893313;https://twitter.com › edod2828 › status;
46;riski prasojo (@riskiprasojo) / X;"... @riskiprasojo · http://m.detik.com/finance/read/2013/09/30/163236/2373471/5/ojk-asuransi-bumiputera-tengah-bermasalah-perlu-perbaikan-segera…""we'll wait n see.";['asuransi-bumiputera'];https://twitter.com/riskiprasojo;https://twitter.com › riskiprasojo;
47;Heru P. Utomo  (@Heru_P_Utomo) / ...;... saya di Asuransi Bumiputera. Krn dana tsb sangat dibutuhkan utk pembiayaan anak saya yang akan melanjutkan ke jenjang selanjutnya. Terima kasih. 1.;['Asuransi Bumiputera'];https://twitter.com/Heru_P_Utomo;https://twitter.com › Heru_P_Utomo;
48;Maulana Yusuf (@MaullanaYusuf) / X;Asuransi Bumiputera udah, sekarang Asuransi Jiwasraya yg butuh bailout. Masalahnya sama, mismanagement.;['Asuransi Bumiputera'];https://twitter.com/maullanayusuf;https://twitter.com › maullanayusuf;
