username;user_id;location;address;latitude;longitude;;;;;;;;;;;;;;;;;;;;
SiNiel1;1.03e+18;Kalimantan Barat;Kalimantan Barat, Indonesia;-0.1322387;111.0968901;;;;;;;;;;;;;;;;;;;;
ab_anward;2589464034.0;JakartaPusat,DKIJakarta;Jakarta Pusat, Daerah Khusus Ibukota Jakarta, Indonesia;-6.18233995;106.8428715;;;;;;;;;;;;;;;;;;;;
kusnida_iman;7.72e+17;JakartaUtara,DKIJakarta;Jakarta Utara;-6.1362053;106.900691;;;;;;;;;;;;;;;;;;;;
BappenasRI;235021856.0;www.bappenas.go.id;Menteng, Jakarta Pusat, Daerah Khusus Ibukota Jakarta, Indonesia;-6.1950265;106.8322242;;;;;;;;;;;;;;;;;;;;
FigoFico;1.11e+18;Borneo;Borneo, Malinau, Kalimantan Utara, Indonesia;1.42965855;114.7405992;;;;;;;;;;;;;;;;;;;;
KompasData;771030588.0;Palmerah,Jakarta;Palmerah, Jakarta Barat, Daerah Khusus Ibukota Jakarta, Indonesia;-6.1910017;106.7943633;;;;;;;;;;;;;;;;;;;;
dflfp;197713730.0;Kalimantan Timur,Indonesia;Kalimantan Timur, Indonesia;0.7884397;116.2419977;;;;;;;;;;;;;;;;;;;;
itechcourse;7.16e+17;KotaMetro,Lampung;Alun-alun Kota Metro, Metro, Lampung, Indonesia;-5.11471345;105.3083226;;;;;;;;;;;;;;;;;;;;
Muhammad_RM16;602755138.0;Banten,Indonesia;Banten, Indonesia;-6.47800285;105.5410285;;;;;;;;;;;;;;;;;;;;
raya_1117;4761293701.0;Makassar,Indonesia;Makassar ????, Galesong Selatan, Sulawesi Selatan, 90115, Indonesia;-5.1342962;119.4124282;;;;;;;;;;;;;;;;;;;;
sirodjudin01;7.51e+17;Banjarnegara,Indonesia;Banjarnegara, Jawa Tengah, Indonesia;-7.3558733;109.6600728;;;;;;;;;;;;;;;;;;;;
tribunnews;124171593.0;DKI Jakarta,Indonesia;Daerah Khusus Ibukota Jakarta, Indonesia;-6.1753942;106.827183;;;;;;;;;;;;;;;;;;;;
sofians;19049983.0;DKI Jakarta,Indonesia;Daerah Khusus Ibukota Jakarta, Indonesia;-6.1753942;106.827183;;;;;;;;;;;;;;;;;;;;
SiNiel1;1.03e+18;Kalimantan Barat;Kalimantan Barat, Indonesia;-0.1322387;111.0968901;;;;;;;;;;;;;;;;;;;;
ab_anward;2589464034.0;JakartaPusat,DKIJakarta;Jakarta Pusat, Daerah Khusus Ibukota Jakarta, Indonesia;-6.18233995;106.8428715;;;;;;;;;;;;;;;;;;;;
kusnida_iman;7.72e+17;Makassar,SulawesiSelata;Makassar ????, Galesong Selatan, Sulawesi Selatan, 90115, Indonesia;-5.1342962;119.4124282;;;;;;;;;;;;;;;;;;;;
BappenasRI;235021856.0;www.bappenas.go.id;Menteng, Jakarta Pusat, Daerah Khusus Ibukota Jakarta, Indonesia;-6.1950265;106.8322242;;;;;;;;;;;;;;;;;;;;
KompasData;771030588.0;Palmerah,Jakarta;Palmerah, Jakarta Barat, Daerah Khusus Ibukota Jakarta, Indonesia;-6.1910017;106.7943633;;;;;;;;;;;;;;;;;;;;
dflfp;197713730.0;Kalimantan Timur,Indonesia;Kalimantan Timur, Indonesia;0.7884397;116.2419977;;;;;;;;;;;;;;;;;;;;
itechcourse;7.16e+17;KotaMetro,Lampung;Alun-alun Kota Metro, Metro, Lampung, Indonesia;-5.11471345;105.3083226;;;;;;;;;;;;;;;;;;;;
Muhammad_RM16;602755138.0;Banten,Indonesia;Banten, Indonesia;-6.47800285;105.5410285;;;;;;;;;;;;;;;;;;;;
raya_1117;4761293701.0;BTJ;Bandar Udara Internasional Sultan Iskandarmuda, Jalan T. Iskandar, Cadek, Kuta Baro, Aceh Besar, Aceh, 23371, Indonesia;5.52776805;95.41944349;;;;;;;;;;;;;;;;;;;;
milkywhy__;2904217686.0;DKI Jakarta,Indonesia;Daerah Khusus Ibukota Jakarta, Indonesia;-6.1753942;106.827183;;;;;;;;;;;;;;;;;;;;
sirodjudin01;7.51e+17;DKI Jakarta,Indonesia;Daerah Khusus Ibukota Jakarta, Indonesia;-6.1753942;106.827183;;;;;;;;;;;;;;;;;;;;
sofians;19049983.0;JakartaPusat,DKIJakarta;Jakarta Pusat, Daerah Khusus Ibukota Jakarta, Indonesia;-6.18233995;106.8428715;;;;;;;;;;;;;;;;;;;;
DamaiNegeriku1;1.14e+18;JakartaPusat,DKIJakarta;Jakarta Pusat, Daerah Khusus Ibukota Jakarta, Indonesia;-6.18233995;106.8428715;;;;;;;;;;;;;;;;;;;;
Djams94471116;1.05e+18;GrahaPena,KebayoranLama12;Graha Pena, Jalan Tanah Baru V, RW 04, Sukabumi Utara, Kebon Jeruk, Jakarta Barat, Daerah Khusus Ibukota Jakarta, 12210, Indonesia;-6.2150741;106.7777897;;;;;;;;;;;;;;;;;;;;
rockycoway;791212273.0;Borneo;Borneo, Malinau, Kalimantan Utara, Indonesia;1.42965855;114.7405992;;;;;;;;;;;;;;;;;;;;
BongBon93931084;1.08e+18;DKI Jakarta,Indonesia;Daerah Khusus Ibukota Jakarta, Indonesia;-6.1753942;106.827183;;;;;;;;;;;;;;;;;;;;
GarangPutih;1.14e+18;Kalimantan Timur,Indonesia;Kalimantan Timur, Indonesia;0.7884397;116.2419977;;;;;;;;;;;;;;;;;;;;
luhan_uffo;558262930.0;JakartaPusat,DKIJakarta;Jakarta Pusat, Daerah Khusus Ibukota Jakarta, Indonesia;-6.18233995;106.8428715;;;;;;;;;;;;;;;;;;;;
Nasution_eD;1.14e+18;Banten,Indonesia;Banten, Indonesia;-6.47800285;105.5410285;;;;;;;;;;;;;;;;;;;;
Gunarto55122771;1.1e+18;Makassar,Indonesia;Makassar ????, Galesong Selatan, Sulawesi Selatan, 90115, Indonesia;-5.1342962;119.4124282;;;;;;;;;;;;;;;;;;;;
win_goes;1.15e+18;Jakarta Barat, DKI Jakarta;Jakarta Barat, Daerah Khusus Ibukota Jakarta, Indonesia;-6.16156235;106.7438912;;;;;;;;;;;;;;;;;;;;
aquanakmama;1.1e+18;JakartaPusat,DKIJakarta;Jakarta Pusat, Daerah Khusus Ibukota Jakarta, Indonesia;-6.18233995;106.8428715;;;;;;;;;;;;;;;;;;;;
DamaiNegeriku1;1.14e+18;JakartaPusat,DKIJakarta;Jakarta Pusat, Daerah Khusus Ibukota Jakarta, Indonesia;-6.18233995;106.8428715;;;;;;;;;;;;;;;;;;;;
Djams94471116;1.05e+18;DKI Jakarta,Indonesia;Daerah Khusus Ibukota Jakarta, Indonesia;-6.1753942;106.827183;;;;;;;;;;;;;;;;;;;;
BongBon93931084;1.08e+18;DKI Jakarta,Indonesia;Daerah Khusus Ibukota Jakarta, Indonesia;-6.1753942;106.827183;;;;;;;;;;;;;;;;;;;;
Nasution_eD;1.14e+18;Makassar,Indonesia;Makassar ????, Galesong Selatan, Sulawesi Selatan, 90115, Indonesia;-5.1342962;119.4124282;;;;;;;;;;;;;;;;;;;;
win_goes;1.15e+18;DKI Jakarta,Indonesia;Daerah Khusus Ibukota Jakarta, Indonesia;-6.1753942;106.827183;;;;;;;;;;;;;;;;;;;;
aquanakmama;1.1e+18;Bandung,JawaBarat;Bandung, Jawa Barat, 40252, Indonesia;-6.9344694;107.6049539;;;;;;;;;;;;;;;;;;;;
KontanNews;43799886.0;DKI Jakarta,Indonesia;Daerah Khusus Ibukota Jakarta, Indonesia;-6.1753942;106.827183;;;;;;;;;;;;;;;;;;;;
KontanNews;43799886.0;Palembang,Sumsel,Indonesia;Palembang, Sumatera Selatan;-2.9888297;104.756857;;;;;;;;;;;;;;;;;;;;
Listyanto9;7.39e+17;DKI Jakarta,Indonesia;Daerah Khusus Ibukota Jakarta, Indonesia;-6.1753942;106.827183;;;;;;;;;;;;;;;;;;;;
arahdotcom;4848874949.0;DKI Jakarta,Indonesia;Daerah Khusus Ibukota Jakarta, Indonesia;-6.1753942;106.827183;;;;;;;;;;;;;;;;;;;;
RakyatMerdeka99;7.12e+17;DKI Jakarta,Indonesia;Daerah Khusus Ibukota Jakarta, Indonesia;-6.1753942;106.827183;;;;;;;;;;;;;;;;;;;;
GULINGKUSUT;173907219.0;Kalimantan Tengah, Indonesia;Kalimantan Tengah, Indonesia;-1.499583;113.2903307;;;;;;;;;;;;;;;;;;;;
KontanNews;43799886.0;Malang,JawaTimur;Malang, Jawa Timur, Indonesia;-8.10479815;112.6879872;;;;;;;;;;;;;;;;;;;;
KontanNews;43799886.0;MNCNewsCenterLt.11Jakarta;iNews Tower, Jalan Kebon Sirih Jakarta;-6.1849205;106.8308589;;;;;;;;;;;;;;;;;;;;
Listyanto9;7.39e+17;Bogor,JawaBarat;Bogor, Jawa Barat, 16121, Indonesia;-6.5962986;106.7972421;;;;;;;;;;;;;;;;;;;;
TheendTo;1.2e+18;DKI Jakarta,Indonesia;Daerah Khusus Ibukota Jakarta, Indonesia;-6.1753942;106.827183;;;;;;;;;;;;;;;;;;;;
arahdotcom;4848874949.0;BalikpapanTengah,Indonesia;BalikpapanTengah,Indonesia;-1.2452915;116.8505397;;;;;;;;;;;;;;;;;;;;
GULINGKUSUT;173907219.0;DKI Jakarta,Indonesia;Daerah Khusus Ibukota Jakarta, Indonesia;-6.1753942;106.827183;;;;;;;;;;;;;;;;;;;;
KompasData;771030588.0;DKI Jakarta,Indonesia;Daerah Khusus Ibukota Jakarta, Indonesia;-6.1753942;106.827183;;;;;;;;;;;;;;;;;;;;
octania_;3230363209.0;Bekasi,JawaBarat;Bekasi, Jawa Barat, 17144, Indonesia;-6.2349858;106.9945444;;;;;;;;;;;;;;;;;;;;
djasMpu;3192723644.0;DKI Jakarta,Indonesia;Daerah Khusus Ibukota Jakarta, Indonesia;-6.1753942;106.827183;;;;;;;;;;;;;;;;;;;;
MarketmoverID;1.16e+18;DKI Jakarta,Indonesia;Daerah Khusus Ibukota Jakarta, Indonesia;-6.1753942;106.827183;;;;;;;;;;;;;;;;;;;;
KompasData;771030588.0;DKI Jakarta,Indonesia;Daerah Khusus Ibukota Jakarta, Indonesia;-6.1753942;106.827183;;;;;;;;;;;;;;;;;;;;
octania_;3230363209.0;Balikpapan, Indonesia;Balikpapan, Kalimantan Timur, 76128, Indonesia;-1.2398711;116.8593379;;;;;;;;;;;;;;;;;;;;
Megatop99;278039207.0;DKI Jakarta,Indonesia;Daerah Khusus Ibukota Jakarta, Indonesia;-6.1753942;106.827183;;;;;;;;;;;;;;;;;;;;
djknkaltimtara;1.09e+18;DKI Jakarta,Indonesia;Daerah Khusus Ibukota Jakarta, Indonesia;-6.1753942;106.827183;;;;;;;;;;;;;;;;;;;;
djasMpu;3192723644.0;DKI Jakarta,Indonesia;Daerah Khusus Ibukota Jakarta, Indonesia;-6.1753942;106.827183;;;;;;;;;;;;;;;;;;;;
murezfah;1.09e+18;cianjurjawabarat;Cianjur, Jawa Barat;-6.824096;107.1374006;;;;;;;;;;;;;;;;;;;;
KBernegara;1.13e+18;Jepara;Jepara, Jawa Tengah;-6.5906502;110.6673202;;;;;;;;;;;;;;;;;;;;
demafebuin2019;4801790833.0;Bandung,JawaBarat;Bandung, Jawa Barat, 40252, Indonesia;-6.9344694;107.6049539;;;;;;;;;;;;;;;;;;;;
demafebuin2019;4801790833.0;iNews Tower Lantai10;iNews Tower, Jalan Kebon Sirih Jakarta;-6.1849205;106.8308589;;;;;;;;;;;;;;;;;;;;
cagubnyinyir2;1.01e+18;KotaYogyakarta,Yogyakarta;Kota Yogyakarta, Daerah Istimewa Yogyakarta, Indonesia;-7.8011945;110.364917;;;;;;;;;;;;;;;;;;;;
KompasData;771030588.0;DKI Jakarta,Indonesia;Daerah Khusus Ibukota Jakarta, Indonesia;-6.1753942;106.827183;;;;;;;;;;;;;;;;;;;;
cahnewrock;192883709.0;DKI Jakarta,Indonesia;Daerah Khusus Ibukota Jakarta, Indonesia;-6.1753942;106.827183;;;;;;;;;;;;;;;;;;;;
DwikyPS;162393179.0;Yogyakarta;Kota Yogyakarta, Daerah Istimewa Yogyakarta, Indonesia;-7.8011945;110.364917;;;;;;;;;;;;;;;;;;;;
Goring28;1156254122.0;Jakarta Barat, DKI Jakarta;Jakarta Barat, Daerah Khusus Ibukota Jakarta, Indonesia;-6.16156235;106.7438912;;;;;;;;;;;;;;;;;;;;
renandabachtar;74103498.0;Balikpapan,Indonesia;Balikpapan, Kalimantan Timur, 76128, Indonesia;-1.2398711;116.8593379;;;;;;;;;;;;;;;;;;;;
RifanAryanto;819993330.0;Bandung,JawaBarat;Bandung, Jawa Barat, 40252, Indonesia;-6.9344694;107.6049539;;;;;;;;;;;;;;;;;;;;
cagubnyinyir2;1.01e+18;JakartaPusat,DKIJakarta;Jakarta Pusat, Daerah Khusus Ibukota Jakarta, Indonesia;-6.18233995;106.8428715;;;;;;;;;;;;;;;;;;;;
KompasData;771030588.0;Palmerah,Jakarta;Palmerah, Jakarta Barat, Daerah Khusus Ibukota Jakarta, Indonesia;-6.1910017;106.7943633;;;;;;;;;;;;;;;;;;;;
cahnewrock;192883709.0;DKI Jakarta,Indonesia;Daerah Khusus Ibukota Jakarta, Indonesia;-6.1753942;106.827183;;;;;;;;;;;;;;;;;;;;
DwikyPS;162393179.0;DKI Jakarta,Indonesia;Daerah Khusus Ibukota Jakarta, Indonesia;-6.1753942;106.827183;;;;;;;;;;;;;;;;;;;;
renandabachtar;74103498.0;DKI Jakarta,Indonesia;Daerah Khusus Ibukota Jakarta, Indonesia;-6.1753942;106.827183;;;;;;;;;;;;;;;;;;;;
kholiq486;9.4e+17;Makassar,Indonesia;Makassar ????, Galesong Selatan, Sulawesi Selatan, 90115, Indonesia;-5.1342962;119.4124282;;;;;;;;;;;;;;;;;;;;
sugengwahyudi03;85757826.0;DKI Jakarta,Indonesia;Daerah Khusus Ibukota Jakarta, Indonesia;-6.1753942;106.827183;;;;;;;;;;;;;;;;;;;;
mamat_sura;9.52e+17;Bandung,JawaBarat;Bandung, Jawa Barat, 40252, Indonesia;-6.9344694;107.6049539;;;;;;;;;;;;;;;;;;;;
balitbanghub151;3610194613.0;DKI Jakarta,Indonesia;Daerah Khusus Ibukota Jakarta, Indonesia;-6.1753942;106.827183;;;;;;;;;;;;;;;;;;;;
dibbbbbbbbbbb;524879502.0;JakartaPusat,DKIJakarta;Jakarta Pusat, Daerah Khusus Ibukota Jakarta, Indonesia;-6.18233995;106.8428715;;;;;;;;;;;;;;;;;;;;
cagubnyinyir2;1.01e+18;Palembang,Sumsel,Indonesia;Palembang, Sumatera Selatan;-2.9888297;104.756857;;;;;;;;;;;;;;;;;;;;
balitbanghub151;3610194613.0;DKI Jakarta,Indonesia;Daerah Khusus Ibukota Jakarta, Indonesia;-6.1753942;106.827183;;;;;;;;;;;;;;;;;;;;
kholiq486;9.4e+17;DKI Jakarta,Indonesia;Daerah Khusus Ibukota Jakarta, Indonesia;-6.1753942;106.827183;;;;;;;;;;;;;;;;;;;;
sugengwahyudi03;85757826.0;DKI Jakarta,Indonesia;Daerah Khusus Ibukota Jakarta, Indonesia;-6.1753942;106.827183;;;;;;;;;;;;;;;;;;;;
mamat_sura;9.52e+17;Kalimantan Tengah, Indonesia;Kalimantan Tengah, Indonesia;-1.499583;113.2903307;;;;;;;;;;;;;;;;;;;;
CimahiGarbi;1.06e+18;Malang,JawaTimur;Malang, Jawa Timur, Indonesia;-8.10479815;112.6879872;;;;;;;;;;;;;;;;;;;;
balitbanghub151;3610194613.0;MNCNewsCenterLt.11Jakarta;iNews Tower, Jalan Kebon Sirih Jakarta;-6.1849205;106.8308589;;;;;;;;;;;;;;;;;;;;
YokoSetyoso;332300097.0;Bogor,JawaBarat;Bogor, Jawa Barat, 16121, Indonesia;-6.5962986;106.7972421;;;;;;;;;;;;;;;;;;;;
dibbbbbbbbbbb;524879502.0;DKI Jakarta,Indonesia;Daerah Khusus Ibukota Jakarta, Indonesia;-6.1753942;106.827183;;;;;;;;;;;;;;;;;;;;
cagubnyinyir2;1.01e+18;BalikpapanTengah,Indonesia;BalikpapanTengah,Indonesia;-1.2452915;116.8505397;;;;;;;;;;;;;;;;;;;;
balitbanghub151;3610194613.0;GrahaPena,KebayoranLama12;Graha Pena, Jalan Tanah Baru V, RW 04, Sukabumi Utara, Kebon Jeruk, Jakarta Barat, Daerah Khusus Ibukota Jakarta, 12210, Indonesia;-6.2150741;106.7777897;;;;;;;;;;;;;;;;;;;;
mauritsjelek;7.15e+17;DKI Jakarta,Indonesia;Daerah Khusus Ibukota Jakarta, Indonesia;-6.1753942;106.827183;;;;;;;;;;;;;;;;;;;;
Geegeehn1;9.86e+17;Bekasi,JawaBarat;Bekasi, Jawa Barat, 17144, Indonesia;-6.2349858;106.9945444;;;;;;;;;;;;;;;;;;;;
Anti_KADRUN;2963528849.0;DKI Jakarta,Indonesia;Daerah Khusus Ibukota Jakarta, Indonesia;-6.1753942;106.827183;;;;;;;;;;;;;;;;;;;;
ANTARASumsel;406921837.0;DKI Jakarta,Indonesia;Daerah Khusus Ibukota Jakarta, Indonesia;-6.1753942;106.827183;;;;;;;;;;;;;;;;;;;;
mauritsjelek;7.15e+17;DKI Jakarta,Indonesia;Daerah Khusus Ibukota Jakarta, Indonesia;-6.1753942;106.827183;;;;;;;;;;;;;;;;;;;;
Geegeehn1;9.86e+17;DKI Jakarta,Indonesia;Daerah Khusus Ibukota Jakarta, Indonesia;-6.1753942;106.827183;;;;;;;;;;;;;;;;;;;;
newsmerahputih;2714869507.0;Balikpapan, Indonesia;Balikpapan, Kalimantan Timur, 76128, Indonesia;-1.2398711;116.8593379;;;;;;;;;;;;;;;;;;;;
setda_kalteng;9.18e+17;Kalimantan Tengah, Indonesia;Kalimantan Tengah, Indonesia;-1.499583;113.2903307;;;;;;;;;;;;;;;;;;;;
ndablekngenoh;9.94e+17;DKI Jakarta,Indonesia;Daerah Khusus Ibukota Jakarta, Indonesia;-6.1753942;106.827183;;;;;;;;;;;;;;;;;;;;
SeputariNews;132078023.0;JakartaPusat,DKIJakarta;Jakarta Pusat, Daerah Khusus Ibukota Jakarta, Indonesia;-6.18233995;106.8428715;;;;;;;;;;;;;;;;;;;;
KompasData;771030588.0;cianjurjawabarat;Cianjur, Jawa Barat;-6.824096;107.1374006;;;;;;;;;;;;;;;;;;;;
elang33959034;1.11e+18;Jepara;Jepara, Jawa Tengah;-6.5906502;110.6673202;;;;;;;;;;;;;;;;;;;;
RakyatMerdeka99;7.12e+17;Bandung,JawaBarat;Bandung, Jawa Barat, 40252, Indonesia;-6.9344694;107.6049539;;;;;;;;;;;;;;;;;;;;
NounaTalisy;2166144630.0;iNews Tower Lantai10;iNews Tower, Jalan Kebon Sirih Jakarta;-6.1849205;106.8308589;;;;;;;;;;;;;;;;;;;;
AchmadHelmi19;1.17e+18;KotaYogyakarta,Yogyakarta;Kota Yogyakarta, Daerah Istimewa Yogyakarta, Indonesia;-7.8011945;110.364917;;;;;;;;;;;;;;;;;;;;
SeputariNews;132078023.0;DKI Jakarta,Indonesia;Daerah Khusus Ibukota Jakarta, Indonesia;-6.1753942;106.827183;;;;;;;;;;;;;;;;;;;;
BUNGJAH13;1.17e+18;DKI Jakarta,Indonesia;Daerah Khusus Ibukota Jakarta, Indonesia;-6.1753942;106.827183;;;;;;;;;;;;;;;;;;;;
KompasData;771030588.0;Yogyakarta;Kota Yogyakarta, Daerah Istimewa Yogyakarta, Indonesia;-7.8011945;110.364917;;;;;;;;;;;;;;;;;;;;
Aarpeceh;560699846.0;Jakarta Barat, DKI Jakarta;Jakarta Barat, Daerah Khusus Ibukota Jakarta, Indonesia;-6.16156235;106.7438912;;;;;;;;;;;;;;;;;;;;
RakyatMerdeka99;7.12e+17;Balikpapan,Indonesia;Balikpapan, Kalimantan Timur, 76128, Indonesia;-1.2398711;116.8593379;;;;;;;;;;;;;;;;;;;;
NounaTalisy;2166144630.0;Bandung,JawaBarat;Bandung, Jawa Barat, 40252, Indonesia;-6.9344694;107.6049539;;;;;;;;;;;;;;;;;;;;
AchmadHelmi19;1.17e+18;JakartaPusat,DKIJakarta;Jakarta Pusat, Daerah Khusus Ibukota Jakarta, Indonesia;-6.18233995;106.8428715;;;;;;;;;;;;;;;;;;;;
Metro_TV;57261519.0;DKI Jakarta,Indonesia;Daerah Khusus Ibukota Jakarta, Indonesia;-6.1753942;106.827183;;;;;;;;;;;;;;;;;;;;
yudhabjnugroho;127182239.0;Yogyakarta;Kota Yogyakarta, Daerah Istimewa Yogyakarta, Indonesia;-7.8011945;110.364917;;;;;;;;;;;;;;;;;;;;
notbuzzer;158278197.0;DKI Jakarta,Indonesia;Daerah Khusus Ibukota Jakarta, Indonesia;-6.1753942;106.827183;;;;;;;;;;;;;;;;;;;;
jpnncom;79130206.0;Jawa Timur,Indonesia;Jawa Timur;-7.6977397;112.4914199;;;;;;;;;;;;;;;;;;;;
BNews_Borneo;3028511053.0;Batam,Indonesia;Batam, Kepulauan Riau, Indonesia;1.1061034;104.0378246;;;;;;;;;;;;;;;;;;;;
IpungLombok;86233947.0;DKI Jakarta,Indonesia;Daerah Khusus Ibukota Jakarta, Indonesia;-6.1753942;106.827183;;;;;;;;;;;;;;;;;;;;
Rubby63275173;1.15e+18;DKI Jakarta,Indonesia;Daerah Khusus Ibukota Jakarta, Indonesia;-6.1753942;106.827183;;;;;;;;;;;;;;;;;;;;
Iradiojakarta;73102464.0;DKI Jakarta,Indonesia;Daerah Khusus Ibukota Jakarta, Indonesia;-6.1753942;106.827183;;;;;;;;;;;;;;;;;;;;
Kristiantoid;1.03e+18;DKI Jakarta,Indonesia;Daerah Khusus Ibukota Jakarta, Indonesia;-6.1753942;106.827183;;;;;;;;;;;;;;;;;;;;
newsmerahputih;2714869507.0;DKI Jakarta,Indonesia;Daerah Khusus Ibukota Jakarta, Indonesia;-6.1753942;106.827183;;;;;;;;;;;;;;;;;;;;
indozonemedia;350668803.0;DKI Jakarta,Indonesia;Daerah Khusus Ibukota Jakarta, Indonesia;-6.1753942;106.827183;;;;;;;;;;;;;;;;;;;;
IpungLombok;86233947.0;DKI Jakarta,Indonesia;Daerah Khusus Ibukota Jakarta, Indonesia;-6.1753942;106.827183;;;;;;;;;;;;;;;;;;;;
Iradiojakarta;73102464.0;JakartaPusat,DKIJakarta;Jakarta Pusat, Daerah Khusus Ibukota Jakarta, Indonesia;-6.18233995;106.8428715;;;;;;;;;;;;;;;;;;;;
Kristiantoid;1.03e+18;DKI Jakarta,Indonesia;Daerah Khusus Ibukota Jakarta, Indonesia;-6.1753942;106.827183;;;;;;;;;;;;;;;;;;;;
MAsepDimyati1;9.55e+17;Makassar,Indonesia;Makassar ????, Galesong Selatan, Sulawesi Selatan, 90115, Indonesia;-5.1342962;119.4124282;;;;;;;;;;;;;;;;;;;;
SupyandiH;1.16e+18;Malang,JAWATIMUR,INDONESIA;Malang, Jawa Timur, Indonesia;-8.10479815;112.6879872;;;;;;;;;;;;;;;;;;;;
yusufammar_w;576755999.0;Kalimantan Tengah, Indonesia;Kalimantan Tengah, Indonesia;-1.499583;113.2903307;;;;;;;;;;;;;;;;;;;;
Azlasy;928840044.0;JakartaPusat,DKIJakarta;Jakarta Pusat, Daerah Khusus Ibukota Jakarta, Indonesia;-6.18233995;106.8428715;;;;;;;;;;;;;;;;;;;;
cagubnyinyir2;1.01e+18;Padang,sumaterabarat;Padang, Sumatera Barat;-0.9247587;100.3632561;;;;;;;;;;;;;;;;;;;;
DanielSentanu;9.52e+17;DKI Jakarta,Indonesia;Daerah Khusus Ibukota Jakarta, Indonesia;-6.1753942;106.827183;;;;;;;;;;;;;;;;;;;;
duansitorus;9.16e+17;DKI Jakarta,Indonesia;Daerah Khusus Ibukota Jakarta, Indonesia;-6.1753942;106.827183;;;;;;;;;;;;;;;;;;;;
OfficialRecrowd;1.08e+18;Jakarta selatan;Jakarta Selatan, Daerah Khusus Ibukota Jakarta, Indonesia;-6.28381815;106.8048635;;;;;;;;;;;;;;;;;;;;
tribunkaltim;103551225.0;Kalimantan Timur;Kalimantan Timur, Indonesia;0.7884397;116.2419977;;;;;;;;;;;;;;;;;;;;
id_laundry;1.16e+18;JakartaPusat,DKIJakarta;Jakarta Pusat, Daerah Khusus Ibukota Jakarta, Indonesia;-6.18233995;106.8428715;;;;;;;;;;;;;;;;;;;;
HADI_GAM76;53261440.0;Kalimantan Timur,Indonesia;Kalimantan Timur, Indonesia;0.7884397;116.2419977;;;;;;;;;;;;;;;;;;;;
fathoonn;1.16e+18;banyuwangi,Jatim,Indonesia;Banyuwangi, Jawa Timur, Indonesia;-8.33277885;114.1416421;;;;;;;;;;;;;;;;;;;;
Ar_rum;62500965.0;Lampung,Indonesia;Lampung, Indonesia;-4.8555039;105.0272986;;;;;;;;;;;;;;;;;;;;
Resof85;7.43e+17;DKI Jakarta,Indonesia;Daerah Khusus Ibukota Jakarta, Indonesia;-6.1753942;106.827183;;;;;;;;;;;;;;;;;;;;
NARAjaTim;8.04e+17;JawaTengah,Indonesia;Jawa Tengah, Indonesia;-5.6259648;110.371649;;;;;;;;;;;;;;;;;;;;
refanardhy;1.1e+18;KalimantanKutaiKertanegara;Kalimantan Kutai Kertanegara;-0.423174;116.9814363;;;;;;;;;;;;;;;;;;;;
aldomabar;1008579596.0;DKI Jakarta,Indonesia;Daerah Khusus Ibukota Jakarta, Indonesia;-6.1753942;106.827183;;;;;;;;;;;;;;;;;;;;
OfficialRecrowd;1.08e+18;DKI Jakarta,Indonesia;Daerah Khusus Ibukota Jakarta, Indonesia;-6.1753942;106.827183;;;;;;;;;;;;;;;;;;;;
Rifqira19065037;9.67e+17;VMG3bloki5no.8Bekasi;Bekasi, Jawa Barat, 17144, Indonesia;-6.2349858;106.9945444;;;;;;;;;;;;;;;;;;;;
silumanleupeut;1.06e+18;JakartaPusat,DKIJakarta;Jakarta Pusat, Daerah Khusus Ibukota Jakarta, Indonesia;-6.18233995;106.8428715;;;;;;;;;;;;;;;;;;;;
id_laundry;1.16e+18;KotaSurabaya,JawaTimur;Taman Balai Kota Surabaya, RW 05, Genteng, Ketabang, Genteng, Surabaya, Jawa Timur, 60272, Indonesia;-7.2600876;112.7468261;;;;;;;;;;;;;;;;;;;;
brendasus88;7.98e+17;Gd.IklanKaltimPostMarkoni;Kalimantan Timur, Indonesia;0.7884397;116.2419977;;;;;;;;;;;;;;;;;;;;
HADI_GAM76;53261440.0;DKI Jakarta,Indonesia;Daerah Khusus Ibukota Jakarta, Indonesia;-6.1753942;106.827183;;;;;;;;;;;;;;;;;;;;
fathoonn;1.16e+18;DKI Jakarta,Indonesia;Daerah Khusus Ibukota Jakarta, Indonesia;-6.1753942;106.827183;;;;;;;;;;;;;;;;;;;;
KompasData;771030588.0;BekasiIndonesia;Bekasi, Jawa Barat, 17144, Indonesia;-6.2349858;106.9945444;;;;;;;;;;;;;;;;;;;;
senyumwoi;2705835224.0;Jl.RTAMilonoKm2,5Palangka;Palangka Raya, Kalimantan Tengah, 73112, Indonesia;-2.2072919;113.9164372;;;;;;;;;;;;;;;;;;;;
Ar_rum;62500965.0;Bekasi;Bekasi, Jawa Barat, 17144, Indonesia;-6.2349858;106.9945444;;;;;;;;;;;;;;;;;;;;
aindraku;166261604.0;Palangkaraya;Palangka Raya, Kalimantan Tengah, 73112, Indonesia;-2.2072919;113.9164372;;;;;;;;;;;;;;;;;;;;
NephiLaxmus;62764588.0;Depok??Bandung;Depok, Jawa Barat, 16439, Indonesia;-6.4074657;106.8138131;;;;;;;;;;;;;;;;;;;;
refanardhy;1.1e+18;Jl.RayaKebayoranLamaNo.72;Kebayoran Lama;-6.243886;106.7798594;;;;;;;;;;;;;;;;;;;;
KontanNews;43799886.0;Jakarta Barat, DKI Jakarta;Jakarta Barat, Daerah Khusus Ibukota Jakarta, Indonesia;-6.16156235;106.7438912;;;;;;;;;;;;;;;;;;;;
sadewobagas;818564467.0;Jakarta Barat, DKI Jakarta;Jakarta Barat, Daerah Khusus Ibukota Jakarta, Indonesia;-6.16156235;106.7438912;;;;;;;;;;;;;;;;;;;;
KompasData;771030588.0;DKI Jakarta,Indonesia;Daerah Khusus Ibukota Jakarta, Indonesia;-6.1753942;106.827183;;;;;;;;;;;;;;;;;;;;
zealandiasarah;230445594.0;Sunter;Daerah Khusus Ibukota Jakarta, Indonesia;-6.1753942;106.827183;;;;;;;;;;;;;;;;;;;;
Ikhlas_fathur;1030709318.0;DKI Jakarta,Indonesia;Daerah Khusus Ibukota Jakarta, Indonesia;-6.1753942;106.827183;;;;;;;;;;;;;;;;;;;;
Ikhlas_fathur;1030709318.0;Aceh.Indonesia????;Aceh, Indonesia;4.3685491;97.0253024;;;;;;;;;;;;;;;;;;;;
warnahidup7;1.19e+18;DKI Jakarta,Indonesia;Daerah Khusus Ibukota Jakarta, Indonesia;-6.1753942;106.827183;;;;;;;;;;;;;;;;;;;;
indozonemedia;350668803.0;Depok,Indonesia;Depok, Jawa Barat, 16439, Indonesia;-6.4074657;106.8138131;;;;;;;;;;;;;;;;;;;;
mostradio1058fm;85805755.0;Pamekasan,Indonesia;Pamekasan, Jawa Timur, Indonesia;-7.07081335;113.5003939;;;;;;;;;;;;;;;;;;;;
KompasData;771030588.0;Palmerah,Jakarta;Palmerah, Jakarta Barat, Daerah Khusus Ibukota Jakarta, Indonesia;-6.1910017;106.7943633;;;;;;;;;;;;;;;;;;;;
Kariozz1;9.94e+17;JakartaPusat,DKIJakarta;Jakarta Pusat, Daerah Khusus Ibukota Jakarta, Indonesia;-6.18233995;106.8428715;;;;;;;;;;;;;;;;;;;;
Ikhlas_fathur;1030709318.0;Indonesia,UK;Daerah Khusus Ibukota Jakarta, Indonesia;-6.1753942;106.827183;;;;;;;;;;;;;;;;;;;;
RakyatMerdeka99;7.12e+17;DKI Jakarta,Indonesia;Daerah Khusus Ibukota Jakarta, Indonesia;-6.1753942;106.827183;;;;;;;;;;;;;;;;;;;;
RakyatMerdeka99;7.12e+17;Bandung,JawaBarat;Bandung, Jawa Barat, 40252, Indonesia;-6.9344694;107.6049539;;;;;;;;;;;;;;;;;;;;
bemFMIPAUI;236059964.0;DKI Jakarta,Indonesia;Daerah Khusus Ibukota Jakarta, Indonesia;-6.1753942;106.827183;;;;;;;;;;;;;;;;;;;;
qnafess;1.14e+18;KotaTasikmalaya,JawaBarat;Tasikmalaya, Jawa Barat, 46151, Indonesia;-7.3262484;108.2201154;;;;;;;;;;;;;;;;;;;;
qnafess;1.14e+18;DKI Jakarta,Indonesia;Daerah Khusus Ibukota Jakarta, Indonesia;-6.1753942;106.827183;;;;;;;;;;;;;;;;;;;;
putra_villadank;1.03e+18;MJLK????;Kantor Bupati Mjlk, Majalengka, Jawa Barat, Indonesia;-6.83633985;108.2276444;;;;;;;;;;;;;;;;;;;;
izzulislam77;9.09e+17;Tlogomas;Tlogomas, Malang;-7.9293941;112.6036958;;;;;;;;;;;;;;;;;;;;
bintangku206;7.48e+17;DKI Jakarta,Indonesia;Daerah Khusus Ibukota Jakarta, Indonesia;-6.1753942;106.827183;;;;;;;;;;;;;;;;;;;;
machbeach;377100794.0;DKI Jakarta,Indonesia;Daerah Khusus Ibukota Jakarta, Indonesia;-6.1753942;106.827183;;;;;;;;;;;;;;;;;;;;
akubisalah;450371998.0;JakartaPusat,DKIJakarta;Jakarta Pusat, Daerah Khusus Ibukota Jakarta, Indonesia;-6.18233995;106.8428715;;;;;;;;;;;;;;;;;;;;
moulevey;62846369.0;Bali,Indonesia;Bali, Indonesia;-8.3304977;115.0906401;;;;;;;;;;;;;;;;;;;;
tero2_boshu;38138724.0;DKI Jakarta,Indonesia;Daerah Khusus Ibukota Jakarta, Indonesia;-6.1753942;106.827183;;;;;;;;;;;;;;;;;;;;
RjmMakmur;2780292024.0;JATIASIHKotaBekasiWestJAVA;Jatiasih, Jawa Barat, 17423, Indonesia;-6.2936589;106.9636695;;;;;;;;;;;;;;;;;;;;
tribunkaltim;103551225.0;ckp-yk;Kota Yogyakarta, Daerah Istimewa Yogyakarta, Indonesia;-7.8011945;110.364917;;;;;;;;;;;;;;;;;;;;
minray_;7.86e+17;DKI Jakarta,Indonesia;Daerah Khusus Ibukota Jakarta, Indonesia;-6.1753942;106.827183;;;;;;;;;;;;;;;;;;;;
atkhls;2226044208.0;Balikpapan,KalimantanTimur;Balikpapan, Kalimantan Timur, 76128, Indonesia;-1.2398711;116.8593379;;;;;;;;;;;;;;;;;;;;
Muhamma89481659;1.17e+18;DKI Jakarta,Indonesia;Daerah Khusus Ibukota Jakarta, Indonesia;-6.1753942;106.827183;;;;;;;;;;;;;;;;;;;;
putra_villadank;1.03e+18;Bekasi;Bekasi, Jawa Barat, 17144, Indonesia;-6.2349858;106.9945444;;;;;;;;;;;;;;;;;;;;
machbeach;377100794.0;pekanbaru;Pekanbaru, Kelurahan Sumahilang, Kabupaten Kampar, Riau, 28141, Indonesia;0.5262455;101.4515727;;;;;;;;;;;;;;;;;;;;
aldyofficial2;1.15e+18;DKI Jakarta,Indonesia;Daerah Khusus Ibukota Jakarta, Indonesia;-6.1753942;106.827183;;;;;;;;;;;;;;;;;;;;
tero2_boshu;38138724.0;Batam,Indonesia;Batam, Kepulauan Riau, Indonesia;1.1061034;104.0378246;;;;;;;;;;;;;;;;;;;;
tribunkaltim;103551225.0;DKI Jakarta,Indonesia;Daerah Khusus Ibukota Jakarta, Indonesia;-6.1753942;106.827183;;;;;;;;;;;;;;;;;;;;
minray_;7.86e+17;Batulicin;Batulicin Irigasi, Kalimantan Selatan, Indonesia;-3.3116454;115.9137556;;;;;;;;;;;;;;;;;;;;
atkhls;2226044208.0;DKI Jakarta,Indonesia;Daerah Khusus Ibukota Jakarta, Indonesia;-6.1753942;106.827183;;;;;;;;;;;;;;;;;;;;
RakyatMerdeka99;7.12e+17;DKI Jakarta,Indonesia;Daerah Khusus Ibukota Jakarta, Indonesia;-6.1753942;106.827183;;;;;;;;;;;;;;;;;;;;
Muhamma89481659;1.17e+18;gowa,makassar,indonesia;Gowa Sarana Indah;-5.19573395;119.4634062;;;;;;;;;;;;;;;;;;;;
MataMataPolitik;8.88e+17;Pati,Indonesia;Pati, Jawa Tengah, Indonesia;-6.70695115;111.0868496;;;;;;;;;;;;;;;;;;;;
RakyatMerdeka99;7.12e+17;Balikpapan, Indonesia;Balikpapan, Kalimantan Timur, 76128, Indonesia;-1.2398711;116.8593379;;;;;;;;;;;;;;;;;;;;
Muhamma89481659;1.17e+18;DKI Jakarta,Indonesia;Daerah Khusus Ibukota Jakarta, Indonesia;-6.1753942;106.827183;;;;;;;;;;;;;;;;;;;;
Taufiqqurrochm7;1.1e+18;JakartaPusat,DKIJakarta;Jakarta Pusat, Daerah Khusus Ibukota Jakarta, Indonesia;-6.18233995;106.8428715;;;;;;;;;;;;;;;;;;;;
Genpi_Co;9.67e+17;DKI Jakarta,Indonesia;Daerah Khusus Ibukota Jakarta, Indonesia;-6.1753942;106.827183;;;;;;;;;;;;;;;;;;;;
ibnupurna;207559187.0;PuspiptekSerpong;Bumi Puspiptek Asri, BSD City, Pagedangan, Tangerang, Banten, Indonesia;-6.30019715;106.6317103;;;;;;;;;;;;;;;;;;;;
AcehSelatanSatu;2359120716.0;Bandung,JawaBarat;Bandung, Jawa Barat, 40252, Indonesia;-6.9344694;107.6049539;;;;;;;;;;;;;;;;;;;;
ThenBagoess;8.09e+17;Bogor,Indonesia;Bogor, Jawa Barat, 16121, Indonesia;-6.5962986;106.7972421;;;;;;;;;;;;;;;;;;;;
Genpi_Co;9.67e+17;Jawa Barat;Bandung, Jawa Barat, 40252, Indonesia;-6.9344694;107.6049539;;;;;;;;;;;;;;;;;;;;
KontanNews;43799886.0;DKI Jakarta,Indonesia;Daerah Khusus Ibukota Jakarta, Indonesia;-6.1753942;106.827183;;;;;;;;;;;;;;;;;;;;
Stefanu33053489;1.03e+18;SeiPetani36MedanIndonesia;Jalan Sei Petani, D A R A T, Padang Bulan, Medan Baru, Kota Medan, Sumatera Utara, 20122, Indonesia;3.5761838;98.659141;;;;;;;;;;;;;;;;;;;;
flowielilly;1427050592.0;DKI Jakarta,Indonesia;Daerah Khusus Ibukota Jakarta, Indonesia;-6.1753942;106.827183;;;;;;;;;;;;;;;;;;;;
marfaumi;277309562.0;DKI Jakarta,Indonesia;Daerah Khusus Ibukota Jakarta, Indonesia;-6.1753942;106.827183;;;;;;;;;;;;;;;;;;;;
jabarjuaranews;2214258534.0;DKI Jakarta,Indonesia;Daerah Khusus Ibukota Jakarta, Indonesia;-6.1753942;106.827183;;;;;;;;;;;;;;;;;;;;
elshinta_smg;7.76e+17;JawaTengah,Indonesia;Jawa Tengah, Indonesia;-5.6259648;110.371649;;;;;;;;;;;;;;;;;;;;
hendriansyah843;2569317210.0;KalimantanKutaiKertanegara;Kalimantan Kutai Kertanegara;-0.423174;116.9814363;;;;;;;;;;;;;;;;;;;;
bacautas;2674103198.0;DKI Jakarta,Indonesia;Daerah Khusus Ibukota Jakarta, Indonesia;-6.1753942;106.827183;;;;;;;;;;;;;;;;;;;;
artbyri;1331452314.0;DKI Jakarta,Indonesia;Daerah Khusus Ibukota Jakarta, Indonesia;-6.1753942;106.827183;;;;;;;;;;;;;;;;;;;;
GoentoerTandion;580601587.0;VMG3bloki5no.8Bekasi;Bekasi, Jawa Barat, 17144, Indonesia;-6.2349858;106.9945444;;;;;;;;;;;;;;;;;;;;
KPFMBalikpapan;110284619.0;Gd.IklanKaltimPostMarkoni;Kalimantan Timur, Indonesia;0.7884397;116.2419977;;;;;;;;;;;;;;;;;;;;
NRmb07;1.1e+18;DKI Jakarta,Indonesia;Daerah Khusus Ibukota Jakarta, Indonesia;-6.1753942;106.827183;;;;;;;;;;;;;;;;;;;;
MT_Reborn;1.13e+18;DKI Jakarta,Indonesia;Daerah Khusus Ibukota Jakarta, Indonesia;-6.1753942;106.827183;;;;;;;;;;;;;;;;;;;;
marfaumi;277309562.0;Lampung,Indonesia;Lampung, Indonesia;-4.8555039;105.0272986;;;;;;;;;;;;;;;;;;;;
lampostco;9.62e+17;BekasiIndonesia;Bekasi, Jawa Barat, 17144, Indonesia;-6.2349858;106.9945444;;;;;;;;;;;;;;;;;;;;
ariseeep;513098944.0;Jl.RTAMilonoKm2,5Palangka;Palangka Raya, Kalimantan Tengah, 73112, Indonesia;-2.2072919;113.9164372;;;;;;;;;;;;;;;;;;;;
jabarjuaranews;2214258534.0;Bandung,JawaBarat;Bandung, Jawa Barat, 40252, Indonesia;-6.9344694;107.6049539;;;;;;;;;;;;;;;;;;;;
DewiSeruni10;1.14e+18;DKI Jakarta,Indonesia;Daerah Khusus Ibukota Jakarta, Indonesia;-6.1753942;106.827183;;;;;;;;;;;;;;;;;;;;
elshinta_smg;7.76e+17;semarang;Semarang, Jawa Tengah, Indonesia;-6.9903988;110.4229104;;;;;;;;;;;;;;;;;;;;
hendriansyah843;2569317210.0;Depok;Depok, Jawa Barat, 16439, Indonesia;-6.4074657;106.8138131;;;;;;;;;;;;;;;;;;;;
Suka_kopi;2463685242.0;Jl.Raya Kebayoran Lama No.72;Kebayoran Lama;-6.243886;106.7798594;;;;;;;;;;;;;;;;;;;;
Rafli57104975;1.1e+18;Jakarta Barat, DKI Jakarta;Jakarta Barat, Daerah Khusus Ibukota Jakarta, Indonesia;-6.16156235;106.7438912;;;;;;;;;;;;;;;;;;;;
tiokurnia_;1250770182.0;Jakarta Barat, DKI Jakarta;Jakarta Barat, Daerah Khusus Ibukota Jakarta, Indonesia;-6.16156235;106.7438912;;;;;;;;;;;;;;;;;;;;
KPFMBalikpapan;110284619.0;DKI Jakarta,Indonesia;Daerah Khusus Ibukota Jakarta, Indonesia;-6.1753942;106.827183;;;;;;;;;;;;;;;;;;;;
ebargowo;4212385152.0;DKI Jakarta,Indonesia;Daerah Khusus Ibukota Jakarta, Indonesia;-6.1753942;106.827183;;;;;;;;;;;;;;;;;;;;
ebargowo;4212385152.0;Sunter;Daerah Khusus Ibukota Jakarta, Indonesia;-6.1753942;106.827183;;;;;;;;;;;;;;;;;;;;
ebargowo;4212385152.0;DKI Jakarta,Indonesia;Daerah Khusus Ibukota Jakarta, Indonesia;-6.1753942;106.827183;;;;;;;;;;;;;;;;;;;;
vikma_sikumbang;576305462.0;Aceh;Aceh, Indonesia;4.3685491;97.0253024;;;;;;;;;;;;;;;;;;;;
tyopray;7.18e+17;DKI Jakarta,Indonesia;Daerah Khusus Ibukota Jakarta, Indonesia;-6.1753942;106.827183;;;;;;;;;;;;;;;;;;;;
republikaonline;22126902.0;Depok;Depok, Jawa Barat, 16439, Indonesia;-6.4074657;106.8138131;;;;;;;;;;;;;;;;;;;;
indoposonline;219226384.0;DKI Jakarta,Indonesia;Daerah Khusus Ibukota Jakarta, Indonesia;-6.1753942;106.827183;;;;;;;;;;;;;;;;;;;;
DahlanMahmud;1250595192.0;Pamekasan, Indonesia;Pamekasan, Jawa Timur, Indonesia;-7.07081335;113.5003939;;;;;;;;;;;;;;;;;;;;
SonoraFM92;180696019.0;JakartaPusat,DKIJakarta;Jakarta Pusat, Daerah Khusus Ibukota Jakarta, Indonesia;-6.18233995;106.8428715;;;;;;;;;;;;;;;;;;;;
cagubnyinyir2;1.01e+18;DKI Jakarta,Indonesia;Daerah Khusus Ibukota Jakarta, Indonesia;-6.1753942;106.827183;;;;;;;;;;;;;;;;;;;;
WRofadly;2430862387.0;DKI Jakarta,Indonesia;Daerah Khusus Ibukota Jakarta, Indonesia;-6.1753942;106.827183;;;;;;;;;;;;;;;;;;;;
suwardihagani;120731087.0;DKI Jakarta,Indonesia;Daerah Khusus Ibukota Jakarta, Indonesia;-6.1753942;106.827183;;;;;;;;;;;;;;;;;;;;
syafriadi_asri;9.97e+17;Bandung,JawaBarat;Bandung, Jawa Barat, 40252, Indonesia;-6.9344694;107.6049539;;;;;;;;;;;;;;;;;;;;
devra2066;1.11e+18;Jakarta Selatan;Jakarta Selatan, Daerah Khusus Ibukota Jakarta, Indonesia;-6.28381815;106.8048635;;;;;;;;;;;;;;;;;;;;
yuyunsentosa;1008138534.0;DKI Jakarta,Indonesia;Daerah Khusus Ibukota Jakarta, Indonesia;-6.1753942;106.827183;;;;;;;;;;;;;;;;;;;;
fitrakurn79;3269325049.0;MNC News Center Lt.11 Jakarta;iNews Tower, Jalan Kebon Sirih Jakarta;-6.1849205;106.8308589;;;;;;;;;;;;;;;;;;;;
AyubeeB;1.15e+18;DKI Jakarta,Indonesia;Daerah Khusus Ibukota Jakarta, Indonesia;-6.1753942;106.827183;;;;;;;;;;;;;;;;;;;;
AyubeeB;1.15e+18;Kota Tasikmalaya JawaBarat;Tasikmalaya, Jawa Barat, 46151, Indonesia;-7.3262484;108.2201154;;;;;;;;;;;;;;;;;;;;
MuyawanS;9.37e+17;DKI Jakarta,Indonesia;Daerah Khusus Ibukota Jakarta, Indonesia;-6.1753942;106.827183;;;;;;;;;;;;;;;;;;;;
rafiqi_28;1.01e+18;MJLK????;Kantor Bupati Mjlk, Majalengka, Jawa Barat, Indonesia;-6.83633985;108.2276444;;;;;;;;;;;;;;;;;;;;
Andiaba60519104;1.12e+18;Tlogomas;Tlogomas, Malang;-7.9293941;112.6036958;;;;;;;;;;;;;;;;;;;;
tubirfess;8.66e+17;DKI Jakarta,Indonesia;Daerah Khusus Ibukota Jakarta, Indonesia;-6.1753942;106.827183;;;;;;;;;;;;;;;;;;;;
JarilangitID;7.31e+17;DKI Jakarta,Indonesia;Daerah Khusus Ibukota Jakarta, Indonesia;-6.1753942;106.827183;;;;;;;;;;;;;;;;;;;;
Andi_0014;8.64e+17;DKI Jakarta,Indonesia;Daerah Khusus Ibukota Jakarta, Indonesia;-6.1753942;106.827183;;;;;;;;;;;;;;;;;;;;
nurrtanio;1179500563.0;DKI Jakarta,Indonesia;Daerah Khusus Ibukota Jakarta, Indonesia;-6.1753942;106.827183;;;;;;;;;;;;;;;;;;;;
MetroTVToday;2895296804.0;DKI Jakarta,Indonesia;Daerah Khusus Ibukota Jakarta, Indonesia;-6.1753942;106.827183;;;;;;;;;;;;;;;;;;;;
jabarjuaranews;2214258534.0;Bandung,JawaBarat;Bandung, Jawa Barat, 40252, Indonesia;-6.9344694;107.6049539;;;;;;;;;;;;;;;;;;;;
Wongso_Soebali;715774483.0;Bali, Indonesia;Bali, Indonesia;-8.3304977;115.0906401;;;;;;;;;;;;;;;;;;;;
HantuSontoloyo;8.13e+17;DKI Jakarta,Indonesia;Daerah Khusus Ibukota Jakarta, Indonesia;-6.1753942;106.827183;;;;;;;;;;;;;;;;;;;;
newsmerahputih;2714869507.0;JATIASIH;Jatiasih, Jawa Barat, 17423, Indonesia;-6.2936589;106.9636695;;;;;;;;;;;;;;;;;;;;
KMDA67001823;9.56e+17;Yogyakarta;Kota Yogyakarta, Daerah Istimewa Yogyakarta, Indonesia;-7.8011945;110.364917;;;;;;;;;;;;;;;;;;;;
newsmerahputih;2714869507.0;DKI Jakarta,Indonesia;Daerah Khusus Ibukota Jakarta, Indonesia;-6.1753942;106.827183;;;;;;;;;;;;;;;;;;;;
newsmerahputih;2714869507.0;Balikpapan, KalimantanTimur;Balikpapan, Kalimantan Timur, 76128, Indonesia;-1.2398711;116.8593379;;;;;;;;;;;;;;;;;;;;
vic_nugraha;289706418.0;DKI Jakarta,Indonesia;Daerah Khusus Ibukota Jakarta, Indonesia;-6.1753942;106.827183;;;;;;;;;;;;;;;;;;;;
NewsToday_ID;7.73e+17;Balikpapan, Indonesia;Balikpapan, Kalimantan Timur, 76128, Indonesia;-1.2398711;116.8593379;;;;;;;;;;;;;;;;;;;;
tubirfess;8.66e+17;Bekasi;Bekasi, Jawa Barat, 17144, Indonesia;-6.2349858;106.9945444;;;;;;;;;;;;;;;;;;;;
shiaLebaou;1.05e+18;JakartaPusat,DKIJakarta;Jakarta Pusat, Daerah Khusus Ibukota Jakarta, Indonesia;-6.18233995;106.8428715;;;;;;;;;;;;;;;;;;;;
nurrtanio;1179500563.0;pekanbaru;Pekanbaru, Kelurahan Sumahilang, Kabupaten Kampar, Riau, 28141, Indonesia;0.5262455;101.4515727;;;;;;;;;;;;;;;;;;;;
Wongso_Soebali;715774483.0;Bali, Indonesia;Bali, Indonesia;-8.3304977;115.0906401;;;;;;;;;;;;;;;;;;;;
newsmerahputih;2714869507.0;DKI Jakarta,Indonesia;Daerah Khusus Ibukota Jakarta, Indonesia;-6.1753942;106.827183;;;;;;;;;;;;;;;;;;;;
KMDA67001823;9.56e+17;Batam,Indonesia;Batam, Kepulauan Riau, Indonesia;1.1061034;104.0378246;;;;;;;;;;;;;;;;;;;;
newsmerahputih;2714869507.0;DKI Jakarta,Indonesia;Daerah Khusus Ibukota Jakarta, Indonesia;-6.1753942;106.827183;;;;;;;;;;;;;;;;;;;;
ertugrul011213;8.29e+17;Batulicin;Batulicin Irigasi, Kalimantan Selatan, Indonesia;-3.3116454;115.9137556;;;;;;;;;;;;;;;;;;;;
vic_nugraha;289706418.0;DKI Jakarta,Indonesia;Daerah Khusus Ibukota Jakarta, Indonesia;-6.1753942;106.827183;;;;;;;;;;;;;;;;;;;;
MetroTVToday;2895296804.0;DKI Jakarta,Indonesia;Daerah Khusus Ibukota Jakarta, Indonesia;-6.1753942;106.827183;;;;;;;;;;;;;;;;;;;;
ibnupurna;207559187.0;gowa,makassar,indonesia;Gowa Sarana Indah;-5.19573395;119.4634062;;;;;;;;;;;;;;;;;;;;
magnetepersoldi;1.14e+18;Pati,Indonesia;Pati, Jawa Tengah, Indonesia;-6.70695115;111.0868496;;;;;;;;;;;;;;;;;;;;
newsmerahputih;2714869507.0;Balikpapan, Indonesia;Balikpapan, Kalimantan Timur, 76128, Indonesia;-1.2398711;116.8593379;;;;;;;;;;;;;;;;;;;;
newsmerahputih;2714869507.0;DKI Jakarta,Indonesia;Daerah Khusus Ibukota Jakarta, Indonesia;-6.1753942;106.827183;;;;;;;;;;;;;;;;;;;;
Nissakti;9.05e+17;JakartaPusat,DKIJakarta;Jakarta Pusat, Daerah Khusus Ibukota Jakarta, Indonesia;-6.18233995;106.8428715;;;;;;;;;;;;;;;;;;;;
argapura_man;1.08e+18;DKI Jakarta,Indonesia;Daerah Khusus Ibukota Jakarta, Indonesia;-6.1753942;106.827183;;;;;;;;;;;;;;;;;;;;
vikma_sikumbang;576305462.0;Puspiptek Serpong;Bumi Puspiptek Asri, BSD City, Pagedangan, Tangerang, Banten, Indonesia;-6.30019715;106.6317103;;;;;;;;;;;;;;;;;;;;
sunarno971;2892986480.0;Bandung,JawaBarat;Bandung, Jawa Barat, 40252, Indonesia;-6.9344694;107.6049539;;;;;;;;;;;;;;;;;;;;
jpnncom;79130206.0;Bogor,Indonesia;Bogor, Jawa Barat, 16121, Indonesia;-6.5962986;106.7972421;;;;;;;;;;;;;;;;;;;;
VIVAcoid;41730943.0;Jawa Barat;Jawa Barat, Indonesia;-6.8891904;107.6404716;;;;;;;;;;;;;;;;;;;;
Handoyo_NP_06;1.11e+18;iNews Tower Lantai10;iNews Tower, Jalan Kebon Sirih Jakarta;-6.1849205;106.8308589;;;;;;;;;;;;;;;;;;;;
hnurwahid;86012022.0;DKI Jakarta,Indonesia;Daerah Khusus Ibukota Jakarta, Indonesia;-6.1753942;106.827183;;;;;;;;;;;;;;;;;;;;
LaksonoAntonius;1.05e+18;SeiPetani36MedanIndonesia;Jalan Sei Petani, D A R A T, Padang Bulan, Medan Baru, Kota Medan, Sumatera Utara, 20122, Indonesia;3.5761838;98.659141;;;;;;;;;;;;;;;;;;;;
elKoRnHurry;592670569.0;Balikpapan, Indonesia;Balikpapan, Kalimantan Timur, 76128, Indonesia;-1.2398711;116.8593379;;;;;;;;;;;;;;;;;;;;
GoToJATIASIH;1010167496.0;JakartaPusat,DKIJakarta;Jakarta Pusat, Daerah Khusus Ibukota Jakarta, Indonesia;-6.18233995;106.8428715;;;;;;;;;;;;;;;;;;;;
Putriharjo;120371835.0;DKI Jakarta,Indonesia;Daerah Khusus Ibukota Jakarta, Indonesia;-6.1753942;106.827183;;;;;;;;;;;;;;;;;;;;
kian_rdofficial;1.08e+18;DKI Jakarta,Indonesia;Daerah Khusus Ibukota Jakarta, Indonesia;-6.1753942;106.827183;;;;;;;;;;;;;;;;;;;;
JarilangitID;7.31e+17;JakartaPusat,DKIJakarta;Jakarta Pusat, Daerah Khusus Ibukota Jakarta, Indonesia;-6.18233995;106.8428715;;;;;;;;;;;;;;;;;;;;
herifaharahap;132123446.0;DKI Jakarta,Indonesia;Daerah Khusus Ibukota Jakarta, Indonesia;-6.1753942;106.827183;;;;;;;;;;;;;;;;;;;;
tribunkaltim;103551225.0;Balikpapan,Indonesia;Balikpapan, Kalimantan Timur, 76128, Indonesia;-1.2398711;116.8593379;;;;;;;;;;;;;;;;;;;;
bijies;98092161.0;Bekasi;Bekasi, Jawa Barat, 17144, Indonesia;-6.2349858;106.9945444;;;;;;;;;;;;;;;;;;;;
MataMataPolitik;8.88e+17;JakartaPusat,DKIJakarta;Jakarta Pusat, Daerah Khusus Ibukota Jakarta, Indonesia;-6.18233995;106.8428715;;;;;;;;;;;;;;;;;;;;
katacitato;622726409.0;pekanbaru;Pekanbaru, Kelurahan Sumahilang, Kabupaten Kampar, Riau, 28141, Indonesia;0.5262455;101.4515727;;;;;;;;;;;;;;;;;;;;
cagubnyinyir2;1.01e+18;JakartaPusat,DKIJakarta;Jakarta Pusat, Daerah Khusus Ibukota Jakarta, Indonesia;-6.18233995;106.8428715;;;;;;;;;;;;;;;;;;;;
Nuckclear;193234995.0;DKI Jakarta,Indonesia;Daerah Khusus Ibukota Jakarta, Indonesia;-6.1753942;106.827183;;;;;;;;;;;;;;;;;;;;
BagusPSadewo;8.66e+17;Batam,Indonesia;Batam, Kepulauan Riau, Indonesia;1.1061034;104.0378246;;;;;;;;;;;;;;;;;;;;
berryrachmat;85060986.0;DKI Jakarta,Indonesia;Daerah Khusus Ibukota Jakarta, Indonesia;-6.1753942;106.827183;;;;;;;;;;;;;;;;;;;;
NgopiJahe_09;516813289.0;DKI Jakarta,Indonesia;Daerah Khusus Ibukota Jakarta, Indonesia;-6.1753942;106.827183;;;;;;;;;;;;;;;;;;;;
IndonesiaUnik_;8.56e+17;DKI Jakarta,Indonesia;Daerah Khusus Ibukota Jakarta, Indonesia;-6.1753942;106.827183;;;;;;;;;;;;;;;;;;;;
cagubnyinyir2;1.01e+18;Pati,Indonesia;Pati, Jawa Tengah, Indonesia;-6.70695115;111.0868496;;;;;;;;;;;;;;;;;;;;
wank37;8.31e+17;Balikpapan, Indonesia;Balikpapan, Kalimantan Timur, 76128, Indonesia;-1.2398711;116.8593379;;;;;;;;;;;;;;;;;;;;
yusupalimohamad;1.06e+18;DKI Jakarta,Indonesia;Daerah Khusus Ibukota Jakarta, Indonesia;-6.1753942;106.827183;;;;;;;;;;;;;;;;;;;;
katacitato;622726409.0;DKI Jakarta,Indonesia;Daerah Khusus Ibukota Jakarta, Indonesia;-6.1753942;106.827183;;;;;;;;;;;;;;;;;;;;
Nuckclear;193234995.0;DKI Jakarta,Indonesia;Daerah Khusus Ibukota Jakarta, Indonesia;-6.1753942;106.827183;;;;;;;;;;;;;;;;;;;;
BagusPSadewo;8.66e+17;Puspiptek Serpong;Bumi Puspiptek Asri, BSD City, Pagedangan, Tangerang, Banten, Indonesia;-6.30019715;106.6317103;;;;;;;;;;;;;;;;;;;;
berryrachmat;85060986.0;Bandung,JawaBarat;Bandung, Jawa Barat, 40252, Indonesia;-6.9344694;107.6049539;;;;;;;;;;;;;;;;;;;;
NgopiJahe_09;516813289.0;Bogor,Indonesia;Bogor, Jawa Barat, 16121, Indonesia;-6.5962986;106.7972421;;;;;;;;;;;;;;;;;;;;
IndonesiaUnik_;8.56e+17;Jawa Barat, Indonesia;Jawa Barat, Indonesia;-6.8891904;107.6404716;;;;;;;;;;;;;;;;;;;;
cagubnyinyir2;1.01e+18;iNews Tower Lantai10;iNews Tower, Jalan Kebon Sirih Jakarta;-6.1849205;106.8308589;;;;;;;;;;;;;;;;;;;;
wank37;8.31e+17;DKI Jakarta,Indonesia;Daerah Khusus Ibukota Jakarta, Indonesia;-6.1753942;106.827183;;;;;;;;;;;;;;;;;;;;
yusupalimohamad;1.06e+18;SeiPetani36MedanIndonesia;Jalan Sei Petani, D A R A T, Padang Bulan, Medan Baru, Kota Medan, Sumatera Utara, 20122, Indonesia;3.5761838;98.659141;;;;;;;;;;;;;;;;;;;;
Ronnie_Rusli;252415154.0;DKI Jakarta,Indonesia;Daerah Khusus Ibukota Jakarta, Indonesia;-6.1753942;106.827183;;;;;;;;;;;;;;;;;;;;
dprddkijakarta;4677002173.0;DKI Jakarta,Indonesia;Daerah Khusus Ibukota Jakarta, Indonesia;-6.1753942;106.827183;;;;;;;;;;;;;;;;;;;;
nabilaprcl;1.02e+18;DKI Jakarta,Indonesia;Daerah Khusus Ibukota Jakarta, Indonesia;-6.1753942;106.827183;;;;;;;;;;;;;;;;;;;;
dpm_ptsp;348987276.0;DKI Jakarta,Indonesia;Daerah Khusus Ibukota Jakarta, Indonesia;-6.1753942;106.827183;;;;;;;;;;;;;;;;;;;;
donymiku;7.35e+17;Bandung,JawaBarat;Bandung, Jawa Barat, 40252, Indonesia;-6.9344694;107.6049539;;;;;;;;;;;;;;;;;;;;
pangera89482345;9.38e+17;DKI Jakarta,Indonesia;Daerah Khusus Ibukota Jakarta, Indonesia;-6.1753942;106.827183;;;;;;;;;;;;;;;;;;;;
jondivar;131720346.0;Pondok Cabe;Pondok Cabe, Tangerang;-6.3530468;106.7617027;;;;;;;;;;;;;;;;;;;;
ChWiryono1977;2498101212.0;JakartaPusat,DKIJakarta;Jakarta Pusat, Daerah Khusus Ibukota Jakarta, Indonesia;-6.18233995;106.8428715;;;;;;;;;;;;;;;;;;;;
MelesetDikit;1.12e+18;JakartaPusat,DKIJakarta;Jakarta Pusat, Daerah Khusus Ibukota Jakarta, Indonesia;-6.18233995;106.8428715;;;;;;;;;;;;;;;;;;;;
beritautamanet;9.33e+17;KotaPangkalPinang;Pangkalpinang;-2.1206733;106.1134604;;;;;;;;;;;;;;;;;;;;
Pajajaran82;1.08e+18;DKI Jakarta,Indonesia;Daerah Khusus Ibukota Jakarta, Indonesia;-6.1753942;106.827183;;;;;;;;;;;;;;;;;;;;
smartfm_medan;352149181.0;Pontianak;Pontianak, Kalimantan Barat;-0.0226903;109.3447488;;;;;;;;;;;;;;;;;;;;
dprddkijakarta;4677002173.0;Menteng,Indonesia;Menteng, Jakarta Pusat, Daerah Khusus Ibukota Jakarta, Indonesia;-6.1950265;106.8322242;;;;;;;;;;;;;;;;;;;;
MoveMoto;1.18e+18;DKI Jakarta,Indonesia;Daerah Khusus Ibukota Jakarta, Indonesia;-6.1753942;106.827183;;;;;;;;;;;;;;;;;;;;
dpm_ptsp;348987276.0;PesisirSelatan,SumateraBara;DPC Partai Demokrat Pesisir Selatan, Jalan Raya Air Haji - Painan, Painan, Nagari TIMBULUN, Sumatera Barat, 25354, Indonesia;-1.3486632;100.5742238;;;;;;;;;;;;;;;;;;;;
donymiku;7.35e+17;Salatiga,JawaTengah;Salatiga, Jawa Tengah;-7.3302642;110.4995353;;;;;;;;;;;;;;;;;;;;
Said_ind;8.62e+17;Balikpapan,KalimantanTimur;Balikpapan, Kalimantan Timur, 76128, Indonesia;-1.2398711;116.8593379;;;;;;;;;;;;;;;;;;;;
pangera89482345;9.38e+17;DKI Jakarta,Indonesia;Daerah Khusus Ibukota Jakarta, Indonesia;-6.1753942;106.827183;;;;;;;;;;;;;;;;;;;;
BPPT_RI;248502471.0;Palmerah,Jakarta;Palmerah, Jakarta Barat, Daerah Khusus Ibukota Jakarta, Indonesia;-6.1910017;106.7943633;;;;;;;;;;;;;;;;;;;;
anyelirbiru70;4068128420.0;DKI Jakarta,Indonesia;Daerah Khusus Ibukota Jakarta, Indonesia;-6.1753942;106.827183;;;;;;;;;;;;;;;;;;;;
ChWiryono1977;2498101212.0;GrahaPena,KebayoranLama12;Graha Pena, Jalan Tanah Baru V, RW 04, Sukabumi Utara, Kebon Jeruk, Jakarta Barat, Daerah Khusus Ibukota Jakarta, 12210, Indonesia;-6.2150741;106.7777897;;;;;;;;;;;;;;;;;;;;
beritautamanet;9.33e+17;Bandung,JawaBarat;Bandung, Jawa Barat, 40252, Indonesia;-6.9344694;107.6049539;;;;;;;;;;;;;;;;;;;;
walhijabar;144011812.0;DKI Jakarta,Indonesia;Daerah Khusus Ibukota Jakarta, Indonesia;-6.1753942;106.827183;;;;;;;;;;;;;;;;;;;;
Margijanto;163899544.0;JakartaPusat,DKIJakarta;Jakarta Pusat, Daerah Khusus Ibukota Jakarta, Indonesia;-6.18233995;106.8428715;;;;;;;;;;;;;;;;;;;;
OfficialiNewsTV;375995332.0;ternate;Ternate, Maluku;0.7852331;127.3831973;;;;;;;;;;;;;;;;;;;;
ronaldlorenz;71169516.0;Tangerang;Tangerang, Banten, Indonesia;-6.1760311;106.6384468;;;;;;;;;;;;;;;;;;;;
DetikNewsDotID;1.01e+18;Menteng,Indonesia;Menteng, Jakarta Pusat, Daerah Khusus Ibukota Jakarta, Indonesia;-6.1950265;106.8322242;;;;;;;;;;;;;;;;;;;;
kangkolak_oh;1.1e+18;DKI Jakarta,Indonesia;Daerah Khusus Ibukota Jakarta, Indonesia;-6.1753942;106.827183;;;;;;;;;;;;;;;;;;;;
faizalassegaf;2259000780.0;DKI Jakarta,Indonesia;Daerah Khusus Ibukota Jakarta, Indonesia;-6.1753942;106.827183;;;;;;;;;;;;;;;;;;;;
KontanNews;43799886.0;DKI Jakarta,Indonesia;Daerah Khusus Ibukota Jakarta, Indonesia;-6.1753942;106.827183;;;;;;;;;;;;;;;;;;;;
KontanNews;43799886.0;DKI Jakarta,Indonesia;Daerah Khusus Ibukota Jakarta, Indonesia;-6.1753942;106.827183;;;;;;;;;;;;;;;;;;;;
smartfm_medan;352149181.0;Batu-Tangerang;Tangerang, AH2, Perumahan Taman Britania, Tangerang, Banten, 15143, Indonesia;-6.2211617;106.6449932;;;;;;;;;;;;;;;;;;;;
karmila_apaya;1.2e+18;Bekasi,JawaBarat;Bekasi, Jawa Barat, 17144, Indonesia;-6.2349858;106.9945444;;;;;;;;;;;;;;;;;;;;
ontynad;7.65e+17;DKI Jakarta,Indonesia;Daerah Khusus Ibukota Jakarta, Indonesia;-6.1753942;106.827183;;;;;;;;;;;;;;;;;;;;
kasehsaulmouk;1.11e+18;PenajamPaserUtara;Polres Penajam Paser Utara, Jl. Korpri, Penajam, Kalimantan Timur, 76141, Indonesia;-1.30591805;116.7347711;;;;;;;;;;;;;;;;;;;;
bangkaposdotcom;1.04e+18;DKI Jakarta,Indonesia;Daerah Khusus Ibukota Jakarta, Indonesia;-6.1753942;106.827183;;;;;;;;;;;;;;;;;;;;
Muhammad_RM16;602755138.0;Cirebon,JawaBarat;Cirebon, JawaBarat;-6.7137044;108.5608483;;;;;;;;;;;;;;;;;;;;
S0N_2000;1010113046.0;Yogyakarta,Indonesia;Kota Yogyakarta, Daerah Istimewa Yogyakarta, Indonesia;-7.8011945;110.364917;;;;;;;;;;;;;;;;;;;;
tvOneNews;55507370.0;JakartaPusat,DKIJakarta;Jakarta Pusat, Daerah Khusus Ibukota Jakarta, Indonesia;-6.18233995;106.8428715;;;;;;;;;;;;;;;;;;;;
kapanbila;602435213.0;JakartaPusat,DKIJakarta;Jakarta Pusat, Daerah Khusus Ibukota Jakarta, Indonesia;-6.18233995;106.8428715;;;;;;;;;;;;;;;;;;;;
SusilawatiSisi2;1.17e+18;Batavia_INA;Daerah Khusus Ibukota Jakarta, Indonesia;-6.1753942;106.827183;;;;;;;;;;;;;;;;;;;;
hincapandjaitan;4021349477.0;Surabaya;Surabaya, Jawa Timur, Indonesia;-7.2459717;112.7378266;;;;;;;;;;;;;;;;;;;;
netralnews;4897217173.0;Bogor,JawaBarat;Bogor, Jawa Barat, 16121, Indonesia;-6.5962986;106.7972421;;;;;;;;;;;;;;;;;;;;
iDcopyright;1.17e+18;Yogyakarta;Kota Yogyakarta, Daerah Istimewa Yogyakarta, Indonesia;-7.8011945;110.364917;;;;;;;;;;;;;;;;;;;;
suara_indo1;9.83e+17;SUKABUMI-JAWABARAT;Sukabumi;-6.9199289;106.9265095;;;;;;;;;;;;;;;;;;;;
newsmerahputih;2714869507.0;Yogyakarta;Kota Yogyakarta, Daerah Istimewa Yogyakarta, Indonesia;-7.8011945;110.364917;;;;;;;;;;;;;;;;;;;;
joearesee67;1.14e+18;Indonesia-Malaysia;Malaysia, Jalan Kyai Haji Wahid Hasyim, Jombang, Jawa Timur, 61417, Indonesia;-7.5388376;112.2379849;;;;;;;;;;;;;;;;;;;;
jabarsaberhoaks;1.07e+18;Bandung,JawaBarat;Bandung, Jawa Barat, 40252, Indonesia;-6.9344694;107.6049539;;;;;;;;;;;;;;;;;;;;
siharprompt8;56941457.0;DKI Jakarta,Indonesia;Daerah Khusus Ibukota Jakarta, Indonesia;-6.1753942;106.827183;;;;;;;;;;;;;;;;;;;;
mustaqimsuyuti;2834709918.0;ternate;Ternate, Maluku;0.7852331;127.3831973;;;;;;;;;;;;;;;;;;;;
Sugie_Petualang;461120226.0;Tangerang;Tangerang, Banten, Indonesia;-6.1760311;106.6384468;;;;;;;;;;;;;;;;;;;;
babeh_stm;1.17e+18;Menteng,Indonesia;Menteng, Jakarta Pusat, Daerah Khusus Ibukota Jakarta, Indonesia;-6.1950265;106.8322242;;;;;;;;;;;;;;;;;;;;
deniputramener1;8.13e+17;PesisirSelatan,SumateraBara;DPC Partai Demokrat Pesisir Selatan, Jalan Raya Air Haji - Painan, Painan, Nagari TIMBULUN, Sumatera Barat, 25354, Indonesia;-1.3486632;100.5742238;;;;;;;;;;;;;;;;;;;;
_fireshare;145039939.0;Salatiga,JawaTengah;Salatiga, Jawa Tengah;-7.3302642;110.4995353;;;;;;;;;;;;;;;;;;;;
iDcopyright;1.17e+18;Balikpapan,KalimantanTimur;Balikpapan, Kalimantan Timur, 76128, Indonesia;-1.2398711;116.8593379;;;;;;;;;;;;;;;;;;;;
pantau_com;9.4e+17;DKI Jakarta,Indonesia;Daerah Khusus Ibukota Jakarta, Indonesia;-6.1753942;106.827183;;;;;;;;;;;;;;;;;;;;
newsmerahputih;2714869507.0;DKI Jakarta,Indonesia;Daerah Khusus Ibukota Jakarta, Indonesia;-6.1753942;106.827183;;;;;;;;;;;;;;;;;;;;
RakyatMerdeka99;7.12e+17;GrahaPena,KebayoranLama12;Graha Pena, Jalan Tanah Baru V, RW 04, Sukabumi Utara, Kebon Jeruk, Jakarta Barat, Daerah Khusus Ibukota Jakarta, 12210, Indonesia;-6.2150741;106.7777897;;;;;;;;;;;;;;;;;;;;
jabarsaberhoaks;1.07e+18;Bandung,JawaBarat;Bandung, Jawa Barat, 40252, Indonesia;-6.9344694;107.6049539;;;;;;;;;;;;;;;;;;;;
siharprompt8;56941457.0;DKI Jakarta,Indonesia;Daerah Khusus Ibukota Jakarta, Indonesia;-6.1753942;106.827183;;;;;;;;;;;;;;;;;;;;
mustaqimsuyuti;2834709918.0;ternate;Ternate, Maluku;0.7852331;127.3831973;;;;;;;;;;;;;;;;;;;;
Sugie_Petualang;461120226.0;Tangerang;Tangerang, Banten, Indonesia;-6.1760311;106.6384468;;;;;;;;;;;;;;;;;;;;
babeh_stm;1.17e+18;Menteng,Indonesia;Menteng, Jakarta Pusat, Daerah Khusus Ibukota Jakarta, Indonesia;-6.1950265;106.8322242;;;;;;;;;;;;;;;;;;;;
fithriabel;274370666.0;DKI Jakarta,Indonesia;Daerah Khusus Ibukota Jakarta, Indonesia;-6.1753942;106.827183;;;;;;;;;;;;;;;;;;;;
ronin_minang;929767927.0;DKI Jakarta,Indonesia;Daerah Khusus Ibukota Jakarta, Indonesia;-6.1753942;106.827183;;;;;;;;;;;;;;;;;;;;
nayza1212;709302061.0;DKI Jakarta,Indonesia;Daerah Khusus Ibukota Jakarta, Indonesia;-6.1753942;106.827183;;;;;;;;;;;;;;;;;;;;
virley13;519173976.0;Batu-Tangerang;Tangerang, AH2, Perumahan Taman Britania, Tangerang, Banten, 15143, Indonesia;-6.2211617;106.6449932;;;;;;;;;;;;;;;;;;;;
AdhilRajo;1.1e+18;Bekasi,JawaBarat;Bekasi, Jawa Barat, 17144, Indonesia;-6.2349858;106.9945444;;;;;;;;;;;;;;;;;;;;
muhammad_ridhaa;489850577.0;DKI Jakarta,Indonesia;Daerah Khusus Ibukota Jakarta, Indonesia;-6.1753942;106.827183;;;;;;;;;;;;;;;;;;;;
doktorhukumcom;1.15e+18;DKI Jakarta,Indonesia;Daerah Khusus Ibukota Jakarta, Indonesia;-6.1753942;106.827183;;;;;;;;;;;;;;;;;;;;
Maharomiii;1.1e+18;PenajamPaserUtara;Polres Penajam Paser Utara, Jl. Korpri, Penajam, Kalimantan Timur, 76141, Indonesia;-1.30591805;116.7347711;;;;;;;;;;;;;;;;;;;;
S0N_2000;1010113046.0;DKI Jakarta,Indonesia;Daerah Khusus Ibukota Jakarta, Indonesia;-6.1753942;106.827183;;;;;;;;;;;;;;;;;;;;
NurudinNurudin5;8.39e+17;Cirebon,JawaBarat;Cirebon, JawaBarat;-6.7137044;108.5608483;;;;;;;;;;;;;;;;;;;;
fenni_rosa;9.75e+17;Yogyakarta,Indonesia;Kota Yogyakarta, Daerah Istimewa Yogyakarta, Indonesia;-7.8011945;110.364917;;;;;;;;;;;;;;;;;;;;
khoirunniam_ar;7.21e+17;JakartaPusat,DKIJakarta;Jakarta Pusat, Daerah Khusus Ibukota Jakarta, Indonesia;-6.18233995;106.8428715;;;;;;;;;;;;;;;;;;;;
senasurya53;4853367745.0;JakartaPusat,DKIJakarta;Jakarta Pusat, Daerah Khusus Ibukota Jakarta, Indonesia;-6.18233995;106.8428715;;;;;;;;;;;;;;;;;;;;
Haidary__;1904113050.0;Batavia_INA;Daerah Khusus Ibukota Jakarta, Indonesia;-6.1753942;106.827183;;;;;;;;;;;;;;;;;;;;
newsmerahputih;2714869507.0;Surabaya;Surabaya, Jawa Timur, Indonesia;-7.2459717;112.7378266;;;;;;;;;;;;;;;;;;;;
hansedbert18;4355483354.0;DKI Jakarta,Indonesia;Daerah Khusus Ibukota Jakarta, Indonesia;-6.1753942;106.827183;;;;;;;;;;;;;;;;;;;;
MCAOps;1476693997.0;Yogyakarta;Kota Yogyakarta, Daerah Istimewa Yogyakarta, Indonesia;-7.8011945;110.364917;;;;;;;;;;;;;;;;;;;;
pantau_com;9.4e+17;SUKABUMI-JAWABARAT;Sukabumi;-6.9199289;106.9265095;;;;;;;;;;;;;;;;;;;;
Hertiyo1;1.15e+18;DKI Jakarta,Indonesia;Daerah Khusus Ibukota Jakarta, Indonesia;-6.1753942;106.827183;;;;;;;;;;;;;;;;;;;;
kang_batag0r;34234311.0;Yogyakarta;Kota Yogyakarta, Daerah Istimewa Yogyakarta, Indonesia;-7.8011945;110.364917;;;;;;;;;;;;;;;;;;;;
indozonemedia;350668803.0;Indonesia-Malaysia;Malaysia, Jalan Kyai Haji Wahid Hasyim, Jombang, Jawa Timur, 61417, Indonesia;-7.5388376;112.2379849;;;;;;;;;;;;;;;;;;;;
setansarap;468093840.0;Balikpapan,Indonesia;Balikpapan, Kalimantan Timur, 76128, Indonesia;-1.2398711;116.8593379;;;;;;;;;;;;;;;;;;;;
tribunkaltim;103551225.0;Klaten,JawaTengah;Klaten, Jawa Tengah;-7.6749204;110.6272787;;;;;;;;;;;;;;;;;;;;
alvarez17638967;1.11e+18;JakartaPusat,DKIJakarta;Daerah Khusus Ibukota Jakarta, Indonesia;-6.1753942;106.827183;;;;;;;;;;;;;;;;;;;;
OliviaCath1540;37132359.0;DKI Jakarta,Indonesia;Daerah Khusus Ibukota Jakarta, Indonesia;-6.1753942;106.827183;;;;;;;;;;;;;;;;;;;;
may662013;2810255954.0;JakartaTimur,DKIJakarta;JakartaTimur,DKIJakarta;-6.26289085;106.8822289;;;;;;;;;;;;;;;;;;;;
RollezB;1.07e+18;Banjarmasin,KALSEL;Banjarmasin, Kalimantan Selatan, 70231, Indonesia;-3.3187496;114.5925828;;;;;;;;;;;;;;;;;;;;
Obet_ssnd;9.01e+17;JakartaTimur,DKIJakarta;JakartaTimur,DKIJakarta;-6.26289085;106.8822289;;;;;;;;;;;;;;;;;;;;
Obet_ssnd;9.01e+17;Banjarmasin,KALSEL;Banjarmasin, Kalimantan Selatan, 70231, Indonesia;-3.3187496;114.5925828;;;;;;;;;;;;;;;;;;;;
lastcarbid;1271688691.0;DKI Jakarta,Indonesia;Daerah Khusus Ibukota Jakarta, Indonesia;-6.1753942;106.827183;;;;;;;;;;;;;;;;;;;;
indozonemedia;350668803.0;Yogyakarta;Kota Yogyakarta, Daerah Istimewa Yogyakarta, Indonesia;-7.8011945;110.364917;;;;;;;;;;;;;;;;;;;;
setansarap;468093840.0;Indonesia-Malaysia;Malaysia, Jalan Kyai Haji Wahid Hasyim, Jombang, Jawa Timur, 61417, Indonesia;-7.5388376;112.2379849;;;;;;;;;;;;;;;;;;;;
ppiiium;83125122.0;Sleman,Indonesia;Sleman, Daerah Istimewa Yogyakarta, Indonesia;-7.6952864;110.3446292;;;;;;;;;;;;;;;;;;;;
wisatasleman;2995848954.0;Balikpapan,Indonesia;Balikpapan, Kalimantan Timur, 76128, Indonesia;-1.2398711;116.8593379;;;;;;;;;;;;;;;;;;;;
OliviaCath1540;37132359.0;Klaten,JawaTengah;Klaten, Jawa Tengah;-7.6749204;110.6272787;;;;;;;;;;;;;;;;;;;;
may662013;2810255954.0;JakartaPusat,DKIJakarta;Daerah Khusus Ibukota Jakarta, Indonesia;-6.1753942;106.827183;;;;;;;;;;;;;;;;;;;;
RollezB;1.07e+18;DKI Jakarta,Indonesia;Daerah Khusus Ibukota Jakarta, Indonesia;-6.1753942;106.827183;;;;;;;;;;;;;;;;;;;;
Obet_ssnd;9.01e+17;Balam;Balam, Lampung;-5.0088366;103.8225421;;;;;;;;;;;;;;;;;;;;
SaptoAdi_07;561199516.0;DKI Jakarta,Indonesia;Daerah Khusus Ibukota Jakarta, Indonesia;-6.1753942;106.827183;;;;;;;;;;;;;;;;;;;;
lastcarbid;1271688691.0;semarang;Semarang, Jawa Tengah, Indonesia;-6.9903988;110.4229104;;;;;;;;;;;;;;;;;;;;
vezhecella;1.11e+18;Yogyakarta,Indonesia;Kota Yogyakarta, Daerah Istimewa Yogyakarta, Indonesia;-7.8011945;110.364917;;;;;;;;;;;;;;;;;;;;
ruddyhar;596162619.0;Bandung,JawaBarat;Bandung, Jawa Barat, 40252, Indonesia;-6.9344694;107.6049539;;;;;;;;;;;;;;;;;;;;
LinaaaaMarni;500341338.0;Bandung,JawaBarat;Bandung, Jawa Barat, 40252, Indonesia;-6.9344694;107.6049539;;;;;;;;;;;;;;;;;;;;
euzhan_m;74952362.0;DKI Jakarta,Indonesia;Daerah Khusus Ibukota Jakarta, Indonesia;-6.1753942;106.827183;;;;;;;;;;;;;;;;;;;;
MenuTakjil;1.11e+18;DKI Jakarta,Indonesia;Daerah Khusus Ibukota Jakarta, Indonesia;-6.1753942;106.827183;;;;;;;;;;;;;;;;;;;;
nadclarissa_;1676160954.0;sumedang,jabar;Sumedang, Jawa Barat, 45321, Indonesia;-6.8592431;107.9206982;;;;;;;;;;;;;;;;;;;;
intan_kedua;515162331.0;DKI Jakarta,Indonesia;Daerah Khusus Ibukota Jakarta, Indonesia;-6.1753942;106.827183;;;;;;;;;;;;;;;;;;;;
cakasep_;1.11e+18;Jawa Barat, Indonesia;Jawa Barat, Indonesia;-6.8891904;107.6404716;;;;;;;;;;;;;;;;;;;;
ngambeknih_;1.18e+18;Bandung,JawaBarat;Bandung, Jawa Barat, 40252, Indonesia;-6.9344694;107.6049539;;;;;;;;;;;;;;;;;;;;
fawwaz_96;1.12e+18;Stabat,Indonesia;Stabat, Langkat, Sumatera Utara, 20811, Indonesia;3.7546297;98.4581085;;;;;;;;;;;;;;;;;;;;
EndangRamdhanie;933802224.0;Makassar,SouthSulawesi;Makassar ????, Galesong Selatan, Sulawesi Selatan, 90115, Indonesia;-5.1342962;119.4124282;;;;;;;;;;;;;;;;;;;;
itsRahSya;935501100.0;Jawa Timur;Jawa Timur;-7.6977397;112.4914199;;;;;;;;;;;;;;;;;;;;
antinodaa_;1.17e+18;yogyakarta;Kota Yogyakarta, Daerah Istimewa Yogyakarta, Indonesia;-7.8011945;110.364917;;;;;;;;;;;;;;;;;;;;
Yu_YakYuk;434471035.0;DKI Jakarta,Indonesia;Daerah Khusus Ibukota Jakarta, Indonesia;-6.1753942;106.827183;;;;;;;;;;;;;;;;;;;;
nagit_a;420382053.0;??Majalengka,Indonesia;Majalengka, Jawa Barat, Indonesia;-6.80771955;108.2789671;;;;;;;;;;;;;;;;;;;;
Heri_Cezh;227225901.0;DKI Jakarta,Indonesia;Daerah Khusus Ibukota Jakarta, Indonesia;-6.1753942;106.827183;;;;;;;;;;;;;;;;;;;;
agnesyintya;1579441010.0;KotaSukabumi,JawaBarat;Sukabumi;-6.9199289;106.9265095;;;;;;;;;;;;;;;;;;;;
ZHOUMIne;404738981.0;DKI Jakarta,Indonesia;Daerah Khusus Ibukota Jakarta, Indonesia;-6.1753942;106.827183;;;;;;;;;;;;;;;;;;;;
_hurufbesar;1.17e+18;JakartaTimur,DKIJakarta;JakartaTimur,DKIJakarta;-6.26289085;106.8822289;;;;;;;;;;;;;;;;;;;;
pecintabiiruu;1.17e+18;JakartaPusat,DKIJakarta;Jakarta Pusat, Daerah Khusus Ibukota Jakarta, Indonesia;-6.18233995;106.8428715;;;;;;;;;;;;;;;;;;;;
_BoBoBoY_;1.16e+18;DKI Jakarta,Indonesia;Daerah Khusus Ibukota Jakarta, Indonesia;-6.1753942;106.827183;;;;;;;;;;;;;;;;;;;;
kiwalipitu;7.1e+17;DKI Jakarta,Indonesia;Daerah Khusus Ibukota Jakarta, Indonesia;-6.1753942;106.827183;;;;;;;;;;;;;;;;;;;;
BobAnek46;1349757974.0;DKI Jakarta,Indonesia;Daerah Khusus Ibukota Jakarta, Indonesia;-6.1753942;106.827183;;;;;;;;;;;;;;;;;;;;
fachryyoyoi;106131606.0;Jl.CihanjuangCibaligoRt.03Rw.01No.174Kec.Parongpong-BandungBarat;Parongpong, Bandung Barat;-6.8032279;107.5818041;;;;;;;;;;;;;;;;;;;;
benihayah;1.03e+18;Jakarta Barat, DKI Jakarta;Jakarta Barat, Daerah Khusus Ibukota Jakarta, Indonesia;-6.16156235;106.7438912;;;;;;;;;;;;;;;;;;;;
tvOneNews;55507370.0;Lampung,Indonesia;Lampung, Indonesia;-4.8555039;105.0272986;;;;;;;;;;;;;;;;;;;;
Dadds58628757;1.02e+18;Jawa Timur;Jawa Timur;-7.6977397;112.4914199;;;;;;;;;;;;;;;;;;;;
AJavismen;9.2e+17;Jlntrikora2no181Mandala2Medan;Jl Trikora Medan;3.5884971;98.7178999;;;;;;;;;;;;;;;;;;;;
politikmiliter;1.17e+18;JakartaPusat,DKIJakarta;Jakarta Pusat, Daerah Khusus Ibukota Jakarta, Indonesia;-6.18233995;106.8428715;;;;;;;;;;;;;;;;;;;;
asepSonie;606823622.0;Kalimantan Selatan;Kalimantan Selatan;-2.9285686;115.3700718;;;;;;;;;;;;;;;;;;;;
Ichakarlita;456364237.0;Kalideres Jakarta;Kalideres;-6.13700575;106.7015938;;;;;;;;;;;;;;;;;;;;
PSEKP_KEMENTAN;7.07e+17;Bandung,JawaBarat;Bandung, Jawa Barat, 40252, Indonesia;-6.9344694;107.6049539;;;;;;;;;;;;;;;;;;;;
rizkyazzahra271;3328615598.0;JakartaPusat,DKIJakarta;Jakarta Pusat, Daerah Khusus Ibukota Jakarta, Indonesia;-6.18233995;106.8428715;;;;;;;;;;;;;;;;;;;;
_BoBoBoY_;1.16e+18;JakartaPusat,DKIJakarta;Jakarta Pusat, Daerah Khusus Ibukota Jakarta, Indonesia;-6.18233995;106.8428715;;;;;;;;;;;;;;;;;;;;
kiwalipitu;7.1e+17;DKI Jakarta,Indonesia;Daerah Khusus Ibukota Jakarta, Indonesia;-6.1753942;106.827183;;;;;;;;;;;;;;;;;;;;
BobAnek46;1349757974.0;KotaMalang,EastJava;Makassar ????, Galesong Selatan, Sulawesi Selatan, 90115, Indonesia;-5.1342962;119.4124282;;;;;;;;;;;;;;;;;;;;
cagubnyinyir2;1.01e+18;Balikpapan, Indonesia;Balikpapan, Kalimantan Timur, 76128, Indonesia;-1.2398711;116.8593379;;;;;;;;;;;;;;;;;;;;
fachryyoyoi;106131606.0;DKI Jakarta,Indonesia;Daerah Khusus Ibukota Jakarta, Indonesia;-6.1753942;106.827183;;;;;;;;;;;;;;;;;;;;
benihayah;1.03e+18;Bandung,JawaBarat;Bandung, Jawa Barat, 40252, Indonesia;-6.9344694;107.6049539;;;;;;;;;;;;;;;;;;;;
tvOneNews;55507370.0;Balikpapan,Indonesia;Balikpapan, Kalimantan Timur, 76128, Indonesia;-1.2398711;116.8593379;;;;;;;;;;;;;;;;;;;;
Dadds58628757;1.02e+18;DKI Jakarta,Indonesia;Daerah Khusus Ibukota Jakarta, Indonesia;-6.1753942;106.827183;;;;;;;;;;;;;;;;;;;;
boyfery85;9.53e+17;PlazaBIITowerIIILt.5;BII Tower, Jalan MH Thamrin kav 22;-6.1899822;106.823258;;;;;;;;;;;;;;;;;;;;
asepSonie;606823622.0;Cigombong;Cigombong, Jawa Barat, 16740, Indonesia;-6.745881;106.7860725;;;;;;;;;;;;;;;;;;;;
2hourslovv;1.02e+18;DKI Jakarta,Indonesia;Daerah Khusus Ibukota Jakarta, Indonesia;-6.1753942;106.827183;;;;;;;;;;;;;;;;;;;;
SiagianCn;1.13e+18;GrahaPena,KebayoranLama12;Graha Pena, Jalan Tanah Baru V, RW 04, Sukabumi Utara, Kebon Jeruk, Jakarta Barat, Daerah Khusus Ibukota Jakarta, 12210, Indonesia;-6.2150741;106.7777897;;;;;;;;;;;;;;;;;;;;
JarilangitID;7.31e+17;DKI Jakarta,Indonesia;Daerah Khusus Ibukota Jakarta, Indonesia;-6.1753942;106.827183;;;;;;;;;;;;;;;;;;;;
rizkyazzahra271;3328615598.0;malang;Malang, Jawa Timur, Indonesia;-8.10479815;112.6879872;;;;;;;;;;;;;;;;;;;;
aestheticnite;1.03e+18;DKI Jakarta,Indonesia;Daerah Khusus Ibukota Jakarta, Indonesia;-6.1753942;106.827183;;;;;;;;;;;;;;;;;;;;
DilaDzaky;1.17e+18;Cibinong,Indonesia;Cibinong, Bogor Raya, Cirimekar, Jawa Barat, 16916, Indonesia;-6.4641408;106.8524655;;;;;;;;;;;;;;;;;;;;
cagubnyinyir2;1.01e+18;Cipongkor,BandungBarat;Cipongkor,BandungBarat;-6.9523682;107.32854;;;;;;;;;;;;;;;;;;;;
bukansusumanis;495878096.0;Kalimantan Barat,Indonesia;Kalimantan Barat, Indonesia;-0.1322387;111.0968901;;;;;;;;;;;;;;;;;;;;
KanigoroDotCom;781629770.0;JakartaUtara,DKIJakarta;Jakarta Utara;-6.1362053;106.900691;;;;;;;;;;;;;;;;;;;;
FVanDhienz;149545754.0;www.bappenas.go.id;Menteng, Jakarta Pusat, Daerah Khusus Ibukota Jakarta, Indonesia;-6.1950265;106.8322242;;;;;;;;;;;;;;;;;;;;
vinotynighty;67550671.0;Palmerah,Jakarta;Palmerah, Jakarta Barat, Daerah Khusus Ibukota Jakarta, Indonesia;-6.1910017;106.7943633;;;;;;;;;;;;;;;;;;;;
bunga1453;1.17e+18;KotaMetro,Lampung;Alun-alun Kota Metro, Metro, Lampung, Indonesia;-5.11471345;105.3083226;;;;;;;;;;;;;;;;;;;;
cagubnyinyir2;1.01e+18;Banjarnegara,Indonesia;Banjarnegara, Jawa Tengah, Indonesia;-7.3558733;109.6600728;;;;;;;;;;;;;;;;;;;;
cagubnyinyir2;1.01e+18;DKI Jakarta,Indonesia;Daerah Khusus Ibukota Jakarta, Indonesia;-6.1753942;106.827183;;;;;;;;;;;;;;;;;;;;
F3KAR;1659780848.0;DKI Jakarta,Indonesia;Daerah Khusus Ibukota Jakarta, Indonesia;-6.1753942;106.827183;;;;;;;;;;;;;;;;;;;;
YusZend;256864709.0;Tangerang;Tangerang, Banten, Indonesia;-6.1760311;106.6384468;;;;;;;;;;;;;;;;;;;;
prilempril;133730545.0;Makassar,SulawesiSelata;Makassar ????, Galesong Selatan, Sulawesi Selatan, 90115, Indonesia;-5.1342962;119.4124282;;;;;;;;;;;;;;;;;;;;
dewapermana46;234627932.0;BTJ;Bandar Udara Internasional Sultan Iskandarmuda, Jalan T. Iskandar, Cadek, Kuta Baro, Aceh Besar, Aceh, 23371, Indonesia;5.52776805;95.41944349;;;;;;;;;;;;;;;;;;;;
